-- MySQL dump 10.10
--
-- Host: localhost    Database: demo_campground
-- ------------------------------------------------------
-- Server version	5.0.27-community

/*!40101 SET @OLD_CHARACTER_SET_CLIENT=@@CHARACTER_SET_CLIENT */;
/*!40101 SET @OLD_CHARACTER_SET_RESULTS=@@CHARACTER_SET_RESULTS */;
/*!40101 SET @OLD_COLLATION_CONNECTION=@@COLLATION_CONNECTION */;
/*!40101 SET NAMES utf8 */;
/*!40103 SET @OLD_TIME_ZONE=@@TIME_ZONE */;
/*!40103 SET TIME_ZONE='+00:00' */;
/*!40014 SET @OLD_UNIQUE_CHECKS=@@UNIQUE_CHECKS, UNIQUE_CHECKS=0 */;
/*!40014 SET @OLD_FOREIGN_KEY_CHECKS=@@FOREIGN_KEY_CHECKS, FOREIGN_KEY_CHECKS=0 */;
/*!40101 SET @OLD_SQL_MODE=@@SQL_MODE, SQL_MODE='NO_AUTO_VALUE_ON_ZERO' */;
/*!40111 SET @OLD_SQL_NOTES=@@SQL_NOTES, SQL_NOTES=0 */;

--
-- Table structure for table `archives`
--

DROP TABLE IF EXISTS `archives`;
CREATE TABLE `archives` (
  `id` int(11) NOT NULL auto_increment,
  `name` varchar(66) collate utf8_unicode_ci NOT NULL default '',
  `address` varchar(32) collate utf8_unicode_ci default NULL,
  `city` varchar(32) collate utf8_unicode_ci default NULL,
  `state` varchar(4) collate utf8_unicode_ci default NULL,
  `mail_code` varchar(12) collate utf8_unicode_ci default NULL,
  `adults` smallint(6) default '2',
  `pets` smallint(6) default '0',
  `kids` smallint(6) default '0',
  `discount_name` varchar(32) collate utf8_unicode_ci default '',
  `startdate` date default NULL,
  `enddate` date default NULL,
  `deposit` decimal(8,2) default '0.00',
  `total_charge` decimal(8,2) default '0.00',
  `special_request` varchar(255) collate utf8_unicode_ci default NULL,
  `slides` tinyint(4) default '0',
  `length` mediumint(9) default NULL,
  `rig_age` mediumint(9) default NULL,
  `vehicle_license` varchar(20) collate utf8_unicode_ci default NULL,
  `vehicle_state` varchar(16) collate utf8_unicode_ci default NULL,
  `rigtype_name` varchar(32) collate utf8_unicode_ci default '',
  `space_name` varchar(32) collate utf8_unicode_ci default '',
  `group_name` varchar(32) collate utf8_unicode_ci default NULL,
  `close_reason` varchar(128) collate utf8_unicode_ci default NULL,
  `phone` varchar(18) collate utf8_unicode_ci default NULL,
  `email` varchar(128) collate utf8_unicode_ci default NULL,
  `country` varchar(32) collate utf8_unicode_ci default NULL,
  `canceled` date default NULL,
  `extras` varchar(255) collate utf8_unicode_ci default NULL,
  `tax_str` text collate utf8_unicode_ci,
  `idnumber` varchar(24) collate utf8_unicode_ci default NULL,
  `log` text collate utf8_unicode_ci,
  `vehicle_license_2` varchar(20) collate utf8_unicode_ci default NULL,
  `vehicle_state_2` varchar(16) collate utf8_unicode_ci default NULL,
  `phone_2` varchar(18) collate utf8_unicode_ci default NULL,
  `recommender` varchar(32) collate utf8_unicode_ci default NULL,
  `seasonal` tinyint(1) default '0',
  `reservation_id` int(11) default '0',
  `selected` tinyint(1) default '0',
  `address2` varchar(32) collate utf8_unicode_ci default NULL,
  `payments` text collate utf8_unicode_ci,
  PRIMARY KEY  (`id`)
) ENGINE=InnoDB DEFAULT CHARSET=utf8 COLLATE=utf8_unicode_ci;

--
-- Dumping data for table `archives`
--

LOCK TABLES `archives` WRITE;
/*!40000 ALTER TABLE `archives` DISABLE KEYS */;
INSERT INTO `archives` VALUES (41,'qq, q','q','q','q','q',2,0,0,'none','2021-12-17','2021-12-18','0.00','0.00',NULL,0,0,0,NULL,NULL,'','','Demo','abandoned','q','test@test.com','','2021-12-17','--- []\n\n',NULL,NULL,NULL,NULL,NULL,NULL,'',0,58,0,NULL,'--- []\n\n'),(51,'1, 1','1','1','1','1',2,0,0,'none','2021-12-17','2021-12-18','0.00','24.00',NULL,0,0,0,NULL,NULL,'','two','','cancelled by: manager at: Fri Dec 17 15:42:34 +0300 2021 reason: test','1','1','','2021-12-17','--- []\n\n',NULL,NULL,'reservation made by: guest at: Fri Dec 17 15:41:30 +0300 2021<br/>cancelled by: manager at: Fri Dec 17 15:42:34 +0300 2021<br/>',NULL,NULL,NULL,'',0,73,0,NULL,'--- []\n\n'),(55,'test, test','test','test','test','test',2,0,0,'none','2021-12-17','2021-12-18','0.00','24.00',NULL,0,0,0,NULL,NULL,'','one','','abandoned','test','test@test.com','','2021-12-17','--- []\n\n',NULL,NULL,NULL,NULL,NULL,NULL,'',0,72,0,NULL,'--- []\n\n'),(56,'test, test','test','test','test','test',2,0,0,'none','2021-12-17','2021-12-18','0.00','24.00',NULL,0,0,0,NULL,NULL,'','5','','abandoned','123456789','test@test.com','','2021-12-18','--- []\n\n',NULL,NULL,NULL,NULL,NULL,NULL,'',0,76,0,NULL,'--- []\n\n');
/*!40000 ALTER TABLE `archives` ENABLE KEYS */;
UNLOCK TABLES;

--
-- Table structure for table `blackouts`
--

DROP TABLE IF EXISTS `blackouts`;
CREATE TABLE `blackouts` (
  `id` int(11) NOT NULL auto_increment,
  `name` varchar(32) collate utf8_unicode_ci default NULL,
  `startdate` date default NULL,
  `enddate` date default NULL,
  `active` tinyint(1) default '1',
  `created_at` datetime default NULL,
  `updated_at` datetime default NULL,
  PRIMARY KEY  (`id`)
) ENGINE=InnoDB DEFAULT CHARSET=utf8 COLLATE=utf8_unicode_ci;

--
-- Dumping data for table `blackouts`
--

LOCK TABLES `blackouts` WRITE;
/*!40000 ALTER TABLE `blackouts` DISABLE KEYS */;
/*!40000 ALTER TABLE `blackouts` ENABLE KEYS */;
UNLOCK TABLES;

--
-- Table structure for table `campers`
--

DROP TABLE IF EXISTS `campers`;
CREATE TABLE `campers` (
  `id` int(11) NOT NULL auto_increment,
  `last_name` varchar(32) collate utf8_unicode_ci NOT NULL default '',
  `first_name` varchar(32) collate utf8_unicode_ci NOT NULL default '',
  `address` varchar(32) collate utf8_unicode_ci NOT NULL default '',
  `city` varchar(32) collate utf8_unicode_ci NOT NULL default '',
  `state` varchar(16) collate utf8_unicode_ci NOT NULL default '',
  `mail_code` varchar(12) collate utf8_unicode_ci NOT NULL default '',
  `activity` date default NULL,
  `lock_version` int(11) default '0',
  `phone` varchar(18) collate utf8_unicode_ci default NULL,
  `email` varchar(128) collate utf8_unicode_ci default NULL,
  `idnumber` varchar(24) collate utf8_unicode_ci default NULL,
  `country_id` int(11) default '0',
  `phone_2` varchar(18) collate utf8_unicode_ci default NULL,
  `address2` varchar(32) collate utf8_unicode_ci default NULL,
  `notes` text collate utf8_unicode_ci,
  `addl` text collate utf8_unicode_ci,
  PRIMARY KEY  (`id`),
  KEY `index_campers_on_last_name` (`last_name`)
) ENGINE=InnoDB DEFAULT CHARSET=utf8 COLLATE=utf8_unicode_ci;

--
-- Dumping data for table `campers`
--

LOCK TABLES `campers` WRITE;
/*!40000 ALTER TABLE `campers` DISABLE KEYS */;
INSERT INTO `campers` VALUES (1,'Peterson','Joe','123 Rainbow Dr.','Livingston','TX','77399','2012-08-09',0,'713 234-4576','joe@earthlink.net',NULL,2,NULL,NULL,NULL,NULL),(2,'Jasperson','Jack','123 Main Street #11223','Longview','TX','77399','2012-08-08',0,NULL,NULL,NULL,0,NULL,NULL,NULL,NULL),(3,'Jackson','Tony','123 Main Street #11223','Longview','TX','77399','2012-08-12',0,NULL,NULL,NULL,0,NULL,NULL,NULL,NULL),(4,'Jones','Tony','123 Main Street #11223','Longview','TX','77399','2012-08-07',0,NULL,NULL,NULL,0,NULL,NULL,NULL,NULL),(5,'Pollock','Clayton','481 Harrison Ave','Shokapee','MN','','2012-08-12',0,NULL,NULL,NULL,0,NULL,NULL,NULL,NULL),(6,'Peterson','Thomas','123 Some Street','Shokapee','MN','','2012-07-25',0,NULL,NULL,NULL,0,NULL,NULL,NULL,NULL),(7,'Pool','Jim','994 Appleton Dr.','Shokapee','MN','','2012-08-11',0,NULL,NULL,NULL,0,NULL,NULL,NULL,NULL),(8,'Smith','Muffin','2063 Smoketree Cir.','Shokapee','MN','','2012-07-15',0,NULL,NULL,NULL,0,NULL,NULL,NULL,NULL),(9,'Allen','Randolph','56 Crooked Lane','Shokapee','MN','','2012-08-10',0,NULL,NULL,'12345',0,NULL,NULL,NULL,NULL),(10,'Camper','Test','456 Rainbow Drive','Livingston','TX','77399','2012-08-10',0,NULL,NULL,'11856893',0,NULL,NULL,NULL,NULL),(11,'Jones','Tom','Main Street','Anywhere','TX','','2012-08-07',0,NULL,NULL,'aa12388',0,NULL,NULL,NULL,NULL),(12,'Foley','Mary','79 Leytonstone Road','London','','E15 1JA','2012-08-02',0,'01632 123456','foley@abc.uk.com','11567aa567',3,NULL,NULL,NULL,NULL),(13,'Preston','Jack','','Whitehorse','YT','','2012-08-12',0,NULL,NULL,NULL,0,NULL,NULL,NULL,NULL),(14,'qq','q','q','q','q','q','2021-12-17',0,'q','test@test.com',NULL,0,NULL,NULL,NULL,NULL),(15,'test','test','test','test','test','test','2021-12-17',0,'test','test@test.com',NULL,0,NULL,NULL,NULL,NULL),(16,'1','1','1','1','1','1','2021-12-17',0,'1','1',NULL,0,NULL,NULL,NULL,NULL),(17,'test','test','test','test','test','test','2021-12-18',1,'123456789','test@test.com',NULL,0,NULL,NULL,NULL,NULL),(18,'test','test','test','test','test','test','2021-12-17',0,'123456789','test@test.com',NULL,0,NULL,NULL,NULL,NULL),(19,'q','qwe','qwe','qwe','qeq','qwe','2021-12-17',0,'qwe','qw@dsf.com',NULL,0,NULL,NULL,NULL,NULL),(20,'asd','asd','asd','asd','asd','asd','2021-12-17',0,'asd','asd@sdf.com',NULL,0,NULL,NULL,NULL,NULL),(21,'q','q','q','q','q','q','2021-12-20',0,'q','q@q.com',NULL,0,NULL,NULL,NULL,NULL),(22,'qwe','qwe','qwe','qwe','qwe','qwe','2021-12-20',0,'qwe','qwe@qwe.com',NULL,0,NULL,NULL,NULL,NULL),(23,'qq','qq','qq','qq','qq','qq','2022-01-05',0,'123456789','qq@qq,com',NULL,0,NULL,NULL,NULL,NULL);
/*!40000 ALTER TABLE `campers` ENABLE KEYS */;
UNLOCK TABLES;

--
-- Table structure for table `card_transactions`
--

DROP TABLE IF EXISTS `card_transactions`;
CREATE TABLE `card_transactions` (
  `id` int(11) NOT NULL auto_increment,
  `account` varchar(255) collate utf8_unicode_ci default NULL,
  `expiry` varchar(255) collate utf8_unicode_ci default NULL,
  `amount` decimal(12,2) default '0.00',
  `currency` varchar(255) collate utf8_unicode_ci default 'USD',
  `retref` varchar(255) collate utf8_unicode_ci default NULL,
  `reservation_id` int(11) default NULL,
  `authcode` varchar(255) collate utf8_unicode_ci default NULL,
  `avsresp` varchar(255) collate utf8_unicode_ci default NULL,
  `batchid` varchar(255) collate utf8_unicode_ci default NULL,
  `cvvresp` varchar(255) collate utf8_unicode_ci default NULL,
  `name` varchar(255) collate utf8_unicode_ci default NULL,
  `respproc` varchar(255) collate utf8_unicode_ci default NULL,
  `resptext` varchar(255) collate utf8_unicode_ci default NULL,
  `respcode` varchar(255) collate utf8_unicode_ci default NULL,
  `respstat` varchar(255) collate utf8_unicode_ci default NULL,
  `signature` varchar(255) collate utf8_unicode_ci default NULL,
  `token` varchar(255) collate utf8_unicode_ci default NULL,
  `accttype` varchar(255) collate utf8_unicode_ci default NULL,
  `address` varchar(255) collate utf8_unicode_ci default NULL,
  `city` varchar(255) collate utf8_unicode_ci default NULL,
  `region` varchar(255) collate utf8_unicode_ci default NULL,
  `country` varchar(255) collate utf8_unicode_ci default NULL,
  `postal` varchar(255) collate utf8_unicode_ci default NULL,
  `ecomind` varchar(255) collate utf8_unicode_ci default NULL,
  `track` varchar(255) collate utf8_unicode_ci default NULL,
  `tokenize` varchar(255) collate utf8_unicode_ci default NULL,
  `mytoken` varchar(255) collate utf8_unicode_ci default NULL,
  `payment_id` int(11) default NULL,
  `card_present` tinyint(1) default NULL,
  `session_key` varchar(255) collate utf8_unicode_ci default NULL,
  `created_at` datetime default NULL,
  `updated_at` datetime default NULL,
  `process_mode` int(11) default NULL,
  `cvv2` varchar(255) collate utf8_unicode_ci default '',
  PRIMARY KEY  (`id`),
  KEY `index_card_transactions_on_reservation_id` (`reservation_id`)
) ENGINE=InnoDB DEFAULT CHARSET=utf8 COLLATE=utf8_unicode_ci;

--
-- Dumping data for table `card_transactions`
--

LOCK TABLES `card_transactions` WRITE;
/*!40000 ALTER TABLE `card_transactions` DISABLE KEYS */;
/*!40000 ALTER TABLE `card_transactions` ENABLE KEYS */;
UNLOCK TABLES;

--
-- Table structure for table `charges`
--

DROP TABLE IF EXISTS `charges`;
CREATE TABLE `charges` (
  `id` int(11) NOT NULL auto_increment,
  `reservation_id` int(11) default NULL,
  `season_id` int(11) default '1',
  `start_date` date default NULL,
  `end_date` date default NULL,
  `period` float default NULL,
  `rate` decimal(8,2) default '0.00',
  `amount` decimal(8,2) default '0.00',
  `discount` decimal(8,2) default '0.00',
  `charge_units` int(11) default NULL,
  `temp` tinyint(1) default '0',
  PRIMARY KEY  (`id`),
  KEY `index_charges_on_reservation_id` (`reservation_id`),
  KEY `index_charges_on_start_date` (`start_date`)
) ENGINE=InnoDB DEFAULT CHARSET=utf8 COLLATE=utf8_unicode_ci;

--
-- Dumping data for table `charges`
--

LOCK TABLES `charges` WRITE;
/*!40000 ALTER TABLE `charges` DISABLE KEYS */;
INSERT INTO `charges` VALUES (1,1,1,'2021-12-07','2021-12-09',2,'24.00','48.00','0.00',0,0),(2,1,2,'2021-12-09','2021-12-12',3,'26.00','78.00','0.00',0,0),(3,2,1,'2021-12-06','2021-12-09',0.428571,'144.00','61.71','0.00',1,0),(4,2,2,'2021-12-09','2021-12-13',0.571429,'158.00','90.29','0.00',1,0),(5,3,1,'2021-12-05','2021-12-09',0.571429,'144.00','82.29','0.00',1,0),(6,3,2,'2021-12-09','2021-12-12',0.428571,'158.00','67.71','0.00',1,0),(7,4,1,'2021-11-22','2021-12-09',2.42857,'144.00','349.71','0.00',1,0),(8,4,2,'2021-12-09','2021-12-13',0.571429,'158.00','90.29','0.00',1,0),(9,5,1,'2021-11-12','2021-12-09',0.891398,'576.00','513.45','0.00',2,0),(10,5,2,'2021-12-09','2021-12-12',0.108602,'634.00','68.85','0.00',2,0),(11,5,2,'2021-12-12','2021-12-14',0.285714,'158.00','45.14','0.00',1,0),(12,5,1,'2021-12-14','2021-12-19',0.714286,'144.00','102.86','0.00',1,0),(13,5,1,'2021-12-19','2021-12-24',5,'24.00','120.00','0.00',0,0),(14,6,1,'2021-12-08','2021-12-09',1,'20.00','20.00','2.00',0,0),(15,6,2,'2021-12-09','2021-12-14',5,'22.00','110.00','11.00',0,0),(16,6,1,'2021-12-14','2021-12-15',1,'20.00','20.00','2.00',0,0),(17,7,2,'2021-12-12','2021-12-13',1,'26.00','26.00','0.00',0,0),(18,8,2,'2021-12-12','2021-12-14',0.285714,'158.00','45.14','0.00',1,0),(19,8,1,'2021-12-14','2021-12-19',0.714286,'144.00','102.86','0.00',1,0),(20,9,2,'2021-12-12','2021-12-13',1,'26.00','26.00','2.60',0,0),(21,10,2,'2021-12-12','2021-12-14',0.0645161,'634.00','40.90','4.09',2,0),(22,10,1,'2021-12-14','2022-01-12',0.935484,'576.00','538.84','53.88',2,0),(23,11,2,'2021-12-13','2021-12-14',1,'26.00','26.00','0.00',0,0),(24,12,2,'2021-12-13','2021-12-14',1,'26.00','26.00','2.60',0,0),(25,12,1,'2021-12-14','2021-12-16',2,'24.00','48.00','4.80',0,0),(26,13,2,'2021-12-13','2021-12-14',1,'26.00','26.00','0.00',0,0),(27,13,1,'2021-12-14','2021-12-17',3,'24.00','72.00','0.00',0,0),(28,14,1,'2021-12-14','2022-01-14',1,'576.00','576.00','0.00',2,0),(29,15,1,'2021-12-14','2021-12-21',1,'132.00','132.00','0.00',1,0),(30,16,1,'2021-12-15','2021-12-25',10,'20.00','200.00','0.00',0,0),(31,17,1,'2021-12-16','2021-12-23',7,'20.00','140.00','14.00',0,0),(32,18,1,'2021-12-16','2021-12-19',3,'24.00','72.00','36.00',0,0),(33,19,1,'2021-12-19','2022-01-02',2,'150.00','300.00','0.00',1,0),(34,20,1,'2021-12-04','2021-12-09',5,'24.00','120.00','12.00',0,0),(35,20,2,'2021-12-09','2021-12-10',1,'26.00','26.00','2.60',0,0),(36,21,2,'2021-12-13','2021-12-14',1,'13.00','13.00','1.30',0,0),(37,21,1,'2021-12-14','2021-12-16',2,'12.00','24.00','2.40',0,0),(38,22,1,'2021-12-16','2021-12-19',3,'12.00','36.00','18.00',0,0),(39,23,2,'2021-12-13','2021-12-14',1,'28.00','28.00','0.00',0,0),(40,23,1,'2021-12-14','2021-12-17',3,'25.00','75.00','0.00',0,0),(41,24,1,'2021-12-14','2021-12-21',1,'150.00','150.00','0.00',1,0),(42,25,1,'2021-12-20','2021-12-24',4,'12.00','48.00','4.80',0,0),(60,73,1,'2021-12-17','2021-12-18',1,'24.00','24.00','0.00',0,0);
/*!40000 ALTER TABLE `charges` ENABLE KEYS */;
UNLOCK TABLES;

--
-- Table structure for table `colors`
--

DROP TABLE IF EXISTS `colors`;
CREATE TABLE `colors` (
  `id` int(11) NOT NULL auto_increment,
  `name` varchar(255) collate utf8_unicode_ci default NULL,
  `value` varchar(255) collate utf8_unicode_ci default NULL,
  PRIMARY KEY  (`id`)
) ENGINE=InnoDB DEFAULT CHARSET=utf8 COLLATE=utf8_unicode_ci;

--
-- Dumping data for table `colors`
--

LOCK TABLES `colors` WRITE;
/*!40000 ALTER TABLE `colors` DISABLE KEYS */;
INSERT INTO `colors` VALUES (1,'body','Black'),(2,'body_background','WhiteSmoke'),(3,'main','Black'),(4,'main_background','WhiteSmoke'),(5,'columns','Black'),(6,'columns_background','LightSteelBlue'),(7,'banner','Black'),(8,'banner_background','MediumSlateBlue'),(9,'late','Black'),(10,'late_background','Yellow'),(11,'locale','Black'),(12,'locale_background','White'),(13,'occupied','Black'),(14,'occupied_background','LimeGreen'),(15,'overstay','Black'),(16,'overstay_background','LightGray'),(17,'reserved','Black'),(18,'reserved_background','LightSteelBlue'),(19,'today','Red'),(20,'today_background','Khaki'),(21,'notice','Green'),(22,'notice_background','Snow'),(23,'error','Red'),(24,'error_background','Snow'),(25,'warning','Yellow'),(26,'warning_background','Snow'),(27,'user','Black'),(28,'unavailable','Red'),(29,'unconfirmed','Blue'),(30,'this_day','Red'),(31,'link','Black'),(32,'payment_due','Red'),(33,'ip_editor_field_background','White'),(34,'explain_background','White'),(35,'hover','LightGrey');
/*!40000 ALTER TABLE `colors` ENABLE KEYS */;
UNLOCK TABLES;

--
-- Table structure for table `countries`
--

DROP TABLE IF EXISTS `countries`;
CREATE TABLE `countries` (
  `id` int(11) NOT NULL auto_increment,
  `name` varchar(32) collate utf8_unicode_ci default NULL,
  `created_at` datetime default NULL,
  `updated_at` datetime default NULL,
  `position` int(11) default NULL,
  `active` tinyint(1) default '1',
  PRIMARY KEY  (`id`),
  KEY `index_countries_on_position` (`position`)
) ENGINE=InnoDB DEFAULT CHARSET=utf8 COLLATE=utf8_unicode_ci;

--
-- Dumping data for table `countries`
--

LOCK TABLES `countries` WRITE;
/*!40000 ALTER TABLE `countries` DISABLE KEYS */;
INSERT INTO `countries` VALUES (1,NULL,'2021-12-12 11:51:14','2021-12-12 11:51:14',NULL,1),(2,'United States','2021-12-12 11:51:14','2021-12-12 11:51:14',NULL,1),(3,'United Kingdom','2021-12-12 11:51:14','2021-12-12 11:51:14',NULL,1);
/*!40000 ALTER TABLE `countries` ENABLE KEYS */;
UNLOCK TABLES;

--
-- Table structure for table `creditcards`
--

DROP TABLE IF EXISTS `creditcards`;
CREATE TABLE `creditcards` (
  `id` int(11) NOT NULL auto_increment,
  `name` varchar(32) collate utf8_unicode_ci NOT NULL default '',
  `is_credit_card` tinyint(1) default '1',
  `validate_cc_number` tinyint(1) default '0',
  `use_expiration` tinyint(1) default '0',
  `validate_expiration` tinyint(1) default '0',
  `position` int(11) default NULL,
  `active` tinyint(1) default '1',
  PRIMARY KEY  (`id`),
  KEY `index_creditcards_on_position` (`position`)
) ENGINE=InnoDB DEFAULT CHARSET=utf8 COLLATE=utf8_unicode_ci;

--
-- Dumping data for table `creditcards`
--

LOCK TABLES `creditcards` WRITE;
/*!40000 ALTER TABLE `creditcards` DISABLE KEYS */;
INSERT INTO `creditcards` VALUES (1,'Cash',0,0,0,0,NULL,1),(2,'Check',1,0,0,0,NULL,1),(3,'Visa',1,1,1,1,NULL,1),(4,'Mastercard',1,1,1,0,NULL,1),(5,'Discovery',1,1,0,0,NULL,1);
/*!40000 ALTER TABLE `creditcards` ENABLE KEYS */;
UNLOCK TABLES;

--
-- Table structure for table `discounts`
--

DROP TABLE IF EXISTS `discounts`;
CREATE TABLE `discounts` (
  `id` int(11) NOT NULL auto_increment,
  `name` varchar(32) collate utf8_unicode_ci NOT NULL default '',
  `discount_percent` decimal(5,2) default '0.00',
  `disc_appl_month` tinyint(1) default '0',
  `disc_appl_week` tinyint(1) default '0',
  `disc_appl_seasonal` tinyint(1) default '0',
  `disc_appl_daily` tinyint(1) default '1',
  `amount` decimal(8,2) default '0.00',
  `amount_daily` decimal(11,5) default '0.00000',
  `amount_weekly` decimal(11,5) default '0.00000',
  `amount_monthly` decimal(12,5) default '0.00000',
  `position` int(11) default NULL,
  `active` tinyint(1) default '1',
  PRIMARY KEY  (`id`),
  KEY `index_discounts_on_position` (`position`)
) ENGINE=InnoDB DEFAULT CHARSET=utf8 COLLATE=utf8_unicode_ci;

--
-- Dumping data for table `discounts`
--

LOCK TABLES `discounts` WRITE;
/*!40000 ALTER TABLE `discounts` DISABLE KEYS */;
INSERT INTO `discounts` VALUES (1,'none','0.00',0,0,0,1,'0.00','0.00000','0.00000','0.00000',5,1),(2,'FMCA','10.00',1,0,0,1,'0.00','0.00000','0.00000','0.00000',4,1),(3,'Good Sam','10.00',0,1,0,1,'0.00','0.00000','0.00000','0.00000',3,1),(4,'Escapees','15.00',0,0,0,1,'0.00','0.00000','0.00000','0.00000',2,1),(5,'Passport America','50.00',0,0,0,1,'0.00','0.00000','0.00000','0.00000',1,1);
/*!40000 ALTER TABLE `discounts` ENABLE KEYS */;
UNLOCK TABLES;

--
-- Table structure for table `dynamic_strings`
--

DROP TABLE IF EXISTS `dynamic_strings`;
CREATE TABLE `dynamic_strings` (
  `id` int(11) NOT NULL auto_increment,
  `name` varchar(255) collate utf8_unicode_ci default NULL,
  `text` blob,
  `updated_at` datetime default NULL,
  PRIMARY KEY  (`id`),
  KEY `index_dynamic_strings_on_name` (`name`)
) ENGINE=InnoDB DEFAULT CHARSET=utf8 COLLATE=utf8_unicode_ci;

--
-- Dumping data for table `dynamic_strings`
--

LOCK TABLES `dynamic_strings` WRITE;
/*!40000 ALTER TABLE `dynamic_strings` DISABLE KEYS */;
/*!40000 ALTER TABLE `dynamic_strings` ENABLE KEYS */;
UNLOCK TABLES;

--
-- Table structure for table `emails`
--

DROP TABLE IF EXISTS `emails`;
CREATE TABLE `emails` (
  `id` int(11) NOT NULL auto_increment,
  `smtp_address` varchar(64) collate utf8_unicode_ci default '',
  `smtp_port` int(11) default '25',
  `smtp_domain` varchar(64) collate utf8_unicode_ci default '',
  `smtp_authentication_id` int(11) default '1',
  `smtp_username` varchar(64) collate utf8_unicode_ci default '',
  `smtp_password` varchar(64) collate utf8_unicode_ci default '',
  `charset` varchar(255) collate utf8_unicode_ci default 'utf-8',
  `cc` varchar(255) collate utf8_unicode_ci default '',
  `bcc` varchar(255) collate utf8_unicode_ci default '',
  `sender` varchar(255) collate utf8_unicode_ci default '',
  `reply` varchar(255) collate utf8_unicode_ci default '',
  `confirm_subject` varchar(255) collate utf8_unicode_ci default 'Reservation Confirmation',
  `update_subject` varchar(255) collate utf8_unicode_ci default 'Reservation Update',
  `feedback_subject` varchar(255) collate utf8_unicode_ci default 'Reservation Feedback',
  `remote_res_subject` varchar(255) collate utf8_unicode_ci default 'Reservation Received',
  `remote_res_confirm_subject` varchar(255) collate utf8_unicode_ci default 'Reservation Confirmed',
  `remote_res_reject_subject` varchar(255) collate utf8_unicode_ci default 'Reservation Not Confirmed',
  PRIMARY KEY  (`id`)
) ENGINE=InnoDB DEFAULT CHARSET=utf8 COLLATE=utf8_unicode_ci;

--
-- Dumping data for table `emails`
--

LOCK TABLES `emails` WRITE;
/*!40000 ALTER TABLE `emails` DISABLE KEYS */;
INSERT INTO `emails` VALUES (1,'',25,'',1,'','','utf-8','','','','','Reservation Confirmation','Reservation Update','Reservation Feedback','Reservation Received','Reservation Confirmed','Reservation Not Confirmed');
/*!40000 ALTER TABLE `emails` ENABLE KEYS */;
UNLOCK TABLES;

--
-- Table structure for table `extra_charges`
--

DROP TABLE IF EXISTS `extra_charges`;
CREATE TABLE `extra_charges` (
  `id` int(11) NOT NULL auto_increment,
  `extra_id` int(11) default NULL,
  `reservation_id` int(11) default NULL,
  `number` int(11) default '0',
  `days` int(11) default '0',
  `weeks` int(11) default '0',
  `months` int(11) default '0',
  `daily_charges` decimal(12,2) default '0.00',
  `weekly_charges` decimal(12,2) default '0.00',
  `monthly_charges` decimal(12,2) default '0.00',
  `initial` decimal(12,2) default '0.00',
  `final` decimal(12,2) default '0.00',
  `measured_charge` decimal(12,2) default '0.00',
  `updated_on` date default NULL,
  `charge` decimal(12,2) default '0.00',
  `measured_rate` decimal(12,6) default '0.000000',
  `created_on` date default NULL,
  `precision` int(11) default '2',
  PRIMARY KEY  (`id`),
  KEY `index_extra_charges_on_extra_id` (`extra_id`),
  KEY `index_extra_charges_on_reservation_id` (`reservation_id`)
) ENGINE=InnoDB DEFAULT CHARSET=utf8 COLLATE=utf8_unicode_ci;

--
-- Dumping data for table `extra_charges`
--

LOCK TABLES `extra_charges` WRITE;
/*!40000 ALTER TABLE `extra_charges` DISABLE KEYS */;
INSERT INTO `extra_charges` VALUES (1,1,7,0,1,0,0,'1.00','0.00','0.00','0.00','0.00','0.00','2021-12-12','0.00','0.000000','2021-12-12',2),(2,1,8,0,0,1,0,'0.00','6.00','0.00','0.00','0.00','0.00','2021-12-12','0.00','0.000000','2021-12-12',2),(3,2,8,1,0,1,0,'0.00','5.00','0.00','0.00','0.00','0.00','2021-12-12','0.00','0.000000','2021-12-12',2),(5,1,10,0,0,0,1,'0.00','0.00','20.00','0.00','0.00','0.00','2021-12-12','0.00','0.000000','2021-12-12',2);
/*!40000 ALTER TABLE `extra_charges` ENABLE KEYS */;
UNLOCK TABLES;

--
-- Table structure for table `extras`
--

DROP TABLE IF EXISTS `extras`;
CREATE TABLE `extras` (
  `id` int(11) NOT NULL auto_increment,
  `name` varchar(32) collate utf8_unicode_ci default NULL,
  `counted` tinyint(1) default '0',
  `daily` decimal(10,2) default '0.00',
  `weekly` decimal(10,2) default '0.00',
  `monthly` decimal(10,2) default '0.00',
  `onetime` tinyint(1) default '0',
  `charge` decimal(10,2) default '0.00',
  `measured` tinyint(1) default '0',
  `rate` decimal(12,6) default '0.000000',
  `unit_name` varchar(32) collate utf8_unicode_ci default NULL,
  `occasional` tinyint(1) default '0',
  `extra_type` int(11) default '0',
  `position` int(11) default NULL,
  `remote_display` tinyint(1) default '1',
  `active` tinyint(1) default '1',
  PRIMARY KEY  (`id`),
  KEY `index_extras_on_position` (`position`)
) ENGINE=InnoDB DEFAULT CHARSET=utf8 COLLATE=utf8_unicode_ci;

--
-- Dumping data for table `extras`
--

LOCK TABLES `extras` WRITE;
/*!40000 ALTER TABLE `extras` DISABLE KEYS */;
INSERT INTO `extras` VALUES (1,'WiFi Use',0,'1.00','6.00','20.00',0,'0.00',0,'0.000000',NULL,0,0,NULL,1,1),(2,'Extra person',1,'1.00','5.00','20.00',0,'0.00',0,'0.000000','',0,1,NULL,1,1),(3,'Metered electric',0,'0.00','0.00','0.00',0,'0.00',0,'0.120000','Kwh',0,2,NULL,1,1);
/*!40000 ALTER TABLE `extras` ENABLE KEYS */;
UNLOCK TABLES;

--
-- Table structure for table `extras_taxrates`
--

DROP TABLE IF EXISTS `extras_taxrates`;
CREATE TABLE `extras_taxrates` (
  `extra_id` int(11) NOT NULL,
  `taxrate_id` int(11) NOT NULL,
  KEY `index_extras_taxrates_on_extra_id` (`extra_id`),
  KEY `index_extras_taxrates_on_taxrate_id` (`taxrate_id`)
) ENGINE=InnoDB DEFAULT CHARSET=utf8 COLLATE=utf8_unicode_ci;

--
-- Dumping data for table `extras_taxrates`
--

LOCK TABLES `extras_taxrates` WRITE;
/*!40000 ALTER TABLE `extras_taxrates` DISABLE KEYS */;
INSERT INTO `extras_taxrates` VALUES (1,1),(2,1);
/*!40000 ALTER TABLE `extras_taxrates` ENABLE KEYS */;
UNLOCK TABLES;

--
-- Table structure for table `groups`
--

DROP TABLE IF EXISTS `groups`;
CREATE TABLE `groups` (
  `id` int(11) NOT NULL auto_increment,
  `name` varchar(32) collate utf8_unicode_ci NOT NULL default '',
  `expected_number` int(11) NOT NULL default '0',
  `startdate` date default NULL,
  `enddate` date default NULL,
  `camper_id` int(11) default NULL,
  PRIMARY KEY  (`id`)
) ENGINE=InnoDB DEFAULT CHARSET=utf8 COLLATE=utf8_unicode_ci;

--
-- Dumping data for table `groups`
--

LOCK TABLES `groups` WRITE;
/*!40000 ALTER TABLE `groups` DISABLE KEYS */;
INSERT INTO `groups` VALUES (1,'Demo',1,'2021-12-13','2021-12-17',2);
/*!40000 ALTER TABLE `groups` ENABLE KEYS */;
UNLOCK TABLES;

--
-- Table structure for table `integrations`
--

DROP TABLE IF EXISTS `integrations`;
CREATE TABLE `integrations` (
  `id` int(11) NOT NULL auto_increment,
  `name` varchar(32) collate utf8_unicode_ci default 'None',
  `pp_cert_id` varchar(32) collate utf8_unicode_ci default NULL,
  `pp_business` varchar(128) collate utf8_unicode_ci default NULL,
  `pp_currency_code` varchar(12) collate utf8_unicode_ci default 'USD',
  `pp_country` varchar(12) collate utf8_unicode_ci default 'US',
  `pp_url` varchar(128) collate utf8_unicode_ci default 'https://www.paypal.com/cgi-bin/webscr',
  `fd_login` varchar(32) collate utf8_unicode_ci default NULL,
  `fd_transaction_key` varchar(32) collate utf8_unicode_ci default NULL,
  `fd_response_key` varchar(32) collate utf8_unicode_ci default NULL,
  `fd_currency_code` varchar(12) collate utf8_unicode_ci default 'USD',
  `fd_country` varchar(12) collate utf8_unicode_ci default 'US',
  `fd_url` varchar(128) collate utf8_unicode_ci default NULL,
  `created_at` datetime default NULL,
  `updated_at` datetime default NULL,
  `cc_merchant_id` varchar(255) collate utf8_unicode_ci default NULL,
  `cc_api_username` varchar(255) collate utf8_unicode_ci default NULL,
  `cc_api_password` varchar(255) collate utf8_unicode_ci default NULL,
  `cc_endpoint` varchar(255) collate utf8_unicode_ci default 'https://boltgw.cardconnect.com:6443',
  `cc_bolt_endpoint` varchar(255) collate utf8_unicode_ci default 'https://bolt-uat.cardpointe.com:6443',
  `cc_bolt_api_key` varchar(255) collate utf8_unicode_ci default NULL,
  `cc_currency_code` varchar(255) collate utf8_unicode_ci default 'USD',
  `cc_hsn` varchar(255) collate utf8_unicode_ci default NULL,
  `cc_greeting` varchar(255) collate utf8_unicode_ci default 'Open Campground',
  `cc_use_signature` tinyint(1) default '1',
  `cc_display_amount` tinyint(1) default '0',
  `cc_use_cvv` tinyint(1) default '1',
  `cc_use_zip` tinyint(1) default '1',
  PRIMARY KEY  (`id`)
) ENGINE=InnoDB DEFAULT CHARSET=utf8 COLLATE=utf8_unicode_ci;

--
-- Dumping data for table `integrations`
--

LOCK TABLES `integrations` WRITE;
/*!40000 ALTER TABLE `integrations` DISABLE KEYS */;
INSERT INTO `integrations` VALUES (695659695,'None',NULL,NULL,'USD','US','https://www.paypal.com/cgi-bin/webscr',NULL,NULL,NULL,'USD','US',NULL,'2021-12-12 11:51:15','2021-12-12 11:51:15',NULL,NULL,NULL,'https://boltgw.cardconnect.com:6443','https://bolt-uat.cardpointe.com:6443',NULL,'USD',NULL,'Open Campground',1,0,1,1);
/*!40000 ALTER TABLE `integrations` ENABLE KEYS */;
UNLOCK TABLES;

--
-- Table structure for table `mail_templates`
--

DROP TABLE IF EXISTS `mail_templates`;
CREATE TABLE `mail_templates` (
  `id` int(11) NOT NULL auto_increment,
  `name` varchar(32) collate utf8_unicode_ci default NULL,
  `body` text collate utf8_unicode_ci,
  `created_at` datetime default NULL,
  `updated_at` datetime default NULL,
  PRIMARY KEY  (`id`)
) ENGINE=InnoDB DEFAULT CHARSET=utf8 COLLATE=utf8_unicode_ci;

--
-- Dumping data for table `mail_templates`
--

LOCK TABLES `mail_templates` WRITE;
/*!40000 ALTER TABLE `mail_templates` DISABLE KEYS */;
INSERT INTO `mail_templates` VALUES (1,'reservation_confirmation','Dear {{camper}},\n\nThank you for making a reservation at My RV Park.  You are scheduled to arrive on {{start}} and depart on {{departure}}.  We have assigned you site {{space_name}}.  The total charges are estimated at {{charges}}.  Your reservation confirmation number is {{number}}.\n\nWe look forward to serving you\nTy Coon\nManager','2021-12-12 11:51:15','2021-12-12 11:51:15'),(2,'reservation_update','Dear {{camper}},\n\nYour reservation at My RV Park has been updated.  You are now scheduled to arrive on {{start}} and depart on {{departure}}.  We have assigned you site {{space_name}}.  The total charges are estimated at {{charges}}.  Your reservation confirmation number is {{number}}.\n\nWe look forward to serving you\nTy Coon\nManager','2021-12-12 11:51:15','2021-12-12 11:51:15'),(3,'reservation_feedback','Dear {{camper}},\n\nThank you for staying at My RV Park.\n\nPlease reply to this message and tell us how you enjoyed your stay and if there is anything we could do to make your next stay with us more enjoyable.\n\nWe enjoyed having your company\nTy Coon\nManager','2021-12-12 11:51:15','2021-12-12 11:51:15'),(4,'remote_reservation_received','Dear {{camper}},\n\nThank you for making a reservation at My RV Park.  Your reservation will be reviewed by the management and you will sent a confirmation.  \n\nWe look forward to serving you\nTy Coon\nManager','2021-12-12 11:51:15','2021-12-12 11:51:15'),(5,'remote_reservation_confirmation','Dear {{camper}},\n\nThank you for making a reservation at My RV Park.  You are scheduled to arrive on {{start}} and depart on {{departure}}.  We have assigned you site {{space_name}}.  The total charges are estimated at {{charges}}.  Your reservation confirmation number is {{number}}. \n\nWe look forward to serving you\nTy Coon\nManager','2021-12-12 11:51:15','2021-12-12 11:51:15'),(6,'remote_reservation_reject','Dear {{camper}},\n\nYour reservation for arrival on {{start}} and departure on {{departure}} has not been confirmed.  Please call us at (111) 555-1212 to resolve the problems.  \n\nWe look forward to serving you\nTy Coon\nManager','2021-12-12 11:51:15','2021-12-12 11:51:15'),(7,'tst','This is a test message','2021-12-12 11:51:15','2021-12-12 11:51:15');
/*!40000 ALTER TABLE `mail_templates` ENABLE KEYS */;
UNLOCK TABLES;

--
-- Table structure for table `options`
--

DROP TABLE IF EXISTS `options`;
CREATE TABLE `options` (
  `id` int(11) NOT NULL auto_increment,
  `use_country` tinyint(1) default '0',
  `use_id` tinyint(1) default '0',
  `unit` varchar(12) collate utf8_unicode_ci default '$',
  `separator` varchar(2) collate utf8_unicode_ci default '.',
  `delimiter` varchar(2) collate utf8_unicode_ci default ',',
  `header` text collate utf8_unicode_ci,
  `trailer` text collate utf8_unicode_ci,
  `use_login` tinyint(1) default '0',
  `sa_columns` int(11) default '120',
  `max_spacename` int(11) default '3',
  `disp_rows` int(11) default '12',
  `find_by_id` tinyint(1) default '0',
  `no_vehicles` int(11) default '1',
  `no_phones` int(11) default '1',
  `lookback` int(11) default '7',
  `use_recommend` tinyint(1) default '1',
  `use_seasonal` tinyint(1) default '0',
  `season_start` date default '2012-01-01',
  `season_end` date default '2012-12-31',
  `print` tinyint(1) default '0',
  `use_confirm_email` tinyint(1) default '0',
  `res_list_sort` varchar(255) collate utf8_unicode_ci default 'unconfirmed_remote desc, startdate, group_id, spaces.position asc',
  `inpark_list_sort` varchar(255) collate utf8_unicode_ci default 'unconfirmed_remote desc, enddate, startdate, group_id, spaces.position asc',
  `archive_list_sort` varchar(255) collate utf8_unicode_ci default 'id',
  `use_autologin` tinyint(1) default '0',
  `use_override` tinyint(1) default '0',
  `override_by_all` tinyint(1) default '0',
  `use_2nd_address` tinyint(1) default '0',
  `use_remote_reservations` tinyint(1) default '0',
  `home` varchar(255) collate utf8_unicode_ci default NULL,
  `locale` varchar(16) collate utf8_unicode_ci default 'en',
  `use_checkout_time` tinyint(1) default '0',
  `checkout_time` time default NULL,
  `use_reserve_by_wk` tinyint(1) default '0',
  `remote_discount` tinyint(1) default '0',
  `remote_recommendations` tinyint(1) default '0',
  `use_onetime_discount` tinyint(1) default '0',
  `list_payments` tinyint(1) default '0',
  `keep_reservations` int(11) default '13',
  `use_feedback` tinyint(1) default '0',
  `require_gateway` tinyint(1) default '1',
  `allow_gateway` tinyint(1) default '0',
  `auto_checkin_remote` tinyint(1) default '0',
  `current_version` varchar(16) collate utf8_unicode_ci default NULL,
  `current_revision` varchar(16) collate utf8_unicode_ci default NULL,
  `ftp_server` varchar(128) collate utf8_unicode_ci default NULL,
  `ftp_account` varchar(32) collate utf8_unicode_ci default NULL,
  `ftp_passwd` varchar(32) collate utf8_unicode_ci default NULL,
  `match_firstname` tinyint(1) default '0',
  `match_city` tinyint(1) default '0',
  `js` text collate utf8_unicode_ci,
  `remote_css` text collate utf8_unicode_ci,
  `remote_js` text collate utf8_unicode_ci,
  `variable_rates` tinyint(1) default '0',
  `use_update` tinyint(1) default '1',
  `use_cc_fee` tinyint(1) default '1',
  `tabs` tinyint(1) default '0',
  `require_email` tinyint(1) default '0',
  `require_phone` tinyint(1) default '0',
  `css` text collate utf8_unicode_ci,
  `use_remote_res_email` tinyint(1) default '1',
  `use_remote_res_confirm` tinyint(1) default '1',
  `use_remote_res_reject` tinyint(1) default '1',
  `rates_decimal` int(11) default '2',
  `use_rig_age` tinyint(1) default '1',
  `use_length` tinyint(1) default '1',
  `disp_site_length` tinyint(1) default '1',
  `use_rig_type` tinyint(1) default '1',
  `use_slides` tinyint(1) default '1',
  `use_adults` tinyint(1) default '1',
  `use_children` tinyint(1) default '1',
  `use_pets` tinyint(1) default '1',
  `use_remote_age` tinyint(1) default '1',
  `use_remote_length` tinyint(1) default '1',
  `disp_remote_length` tinyint(1) default '1',
  `use_remote_rig_type` tinyint(1) default '1',
  `use_remote_slides` tinyint(1) default '1',
  `use_remote_adults` tinyint(1) default '1',
  `use_remote_children` tinyint(1) default '1',
  `use_remote_pets` tinyint(1) default '1',
  `inline_subtotal` tinyint(1) default '0',
  `use_storage` tinyint(1) default '0',
  `use_closed` tinyint(1) default '0',
  `closed_start` date default NULL,
  `closed_end` date default NULL,
  `all_onetime_discount` tinyint(1) default '0',
  `all_backup` tinyint(1) default '1',
  `all_manage_backup` tinyint(1) default '0',
  `all_manage_logs` tinyint(1) default '0',
  `all_manage_payments` tinyint(1) default '0',
  `all_manage_measured` tinyint(1) default '0',
  `all_checkin_rpt` tinyint(1) default '1',
  `all_leave_rpt` tinyint(1) default '1',
  `all_arrival_rpt` tinyint(1) default '1',
  `all_departure_rpt` tinyint(1) default '1',
  `all_in_park_rpt` tinyint(1) default '1',
  `all_space_sum_rpt` tinyint(1) default '1',
  `all_occupancy_rpt` tinyint(1) default '0',
  `all_campers_rpt` tinyint(1) default '0',
  `all_transactions_rpt` tinyint(1) default '0',
  `all_payments_rpt` tinyint(1) default '0',
  `all_measured_rpt` tinyint(1) default '0',
  `all_recommend_rpt` tinyint(1) default '0',
  `all_archives` tinyint(1) default '0',
  `all_updates` tinyint(1) default '0',
  `show_available` tinyint(1) default '1',
  `show_remote_available` tinyint(1) default '1',
  `express` tinyint(1) default '0',
  `use_discount` tinyint(1) default '1',
  `use_links` tinyint(1) default '0',
  `cookie_token` varchar(255) collate utf8_unicode_ci default NULL,
  `session_token` varchar(255) collate utf8_unicode_ci default NULL,
  `use_envelope` tinyint(1) default '0',
  `margin_top` varchar(12) collate utf8_unicode_ci default '0.5in',
  `margin_left` varchar(12) collate utf8_unicode_ci default '0.56in',
  `margin_bottom` varchar(12) collate utf8_unicode_ci default '0.5in',
  `use_license` tinyint(1) default '0',
  `use_map` tinyint(1) default '0',
  `use_remote_map` tinyint(1) default '0',
  `map` varchar(255) collate utf8_unicode_ci default NULL,
  `remote_map` varchar(255) collate utf8_unicode_ci default NULL,
  `edit_archives` tinyint(1) default '1',
  `all_edit_archives` tinyint(1) default '0',
  `require_first` tinyint(1) default '0',
  `require_addr` tinyint(1) default '0',
  `require_city` tinyint(1) default '0',
  `require_state` tinyint(1) default '0',
  `require_mailcode` tinyint(1) default '0',
  `require_country` tinyint(1) default '0',
  `require_id` tinyint(1) default '0',
  `use_addl` tinyint(1) default '0',
  `use_ssl` tinyint(1) default '0',
  `l_require_first` tinyint(1) default '0',
  `l_require_addr` tinyint(1) default '0',
  `l_require_city` tinyint(1) default '0',
  `l_require_state` tinyint(1) default '0',
  `l_require_mailcode` tinyint(1) default '0',
  `l_require_country` tinyint(1) default '0',
  `l_require_id` tinyint(1) default '0',
  `l_require_phone` tinyint(1) default '0',
  `l_require_email` tinyint(1) default '0',
  `deposit_type` int(11) default '0',
  `deposit` decimal(11,5) default '0.00000',
  `remote_auto_accept` tinyint(1) default '0',
  `date_format` varchar(12) collate utf8_unicode_ci default NULL,
  `all_reservations_rpt` tinyint(1) default '0',
  `all_card_transactions_rpt` tinyint(1) default '0',
  `use_remote_sitetype` tinyint(1) default '1',
  `all_troubleshoot` tinyint(1) default '0',
  `use_variable_charge` tinyint(1) default '0',
  `all_manage_variable` tinyint(1) default '1',
  PRIMARY KEY  (`id`)
) ENGINE=InnoDB DEFAULT CHARSET=utf8 COLLATE=utf8_unicode_ci;

--
-- Dumping data for table `options`
--

LOCK TABLES `options` WRITE;
/*!40000 ALTER TABLE `options` DISABLE KEYS */;
INSERT INTO `options` VALUES (1,0,0,'$','.',',','','',1,120,5,12,0,1,1,7,1,0,'2021-01-01','2021-12-31',0,0,'unconfirmed_remote desc, startdate, group_id, spaces.position asc','unconfirmed_remote desc, enddate, startdate, group_id, spaces.position asc','id',0,0,0,0,1,NULL,'en',0,'11:51:00',0,0,0,0,0,13,0,1,0,0,'1.11',NULL,'ocsrv.net','anonymous','opencampground',0,0,NULL,NULL,NULL,0,1,1,0,0,0,NULL,1,1,1,2,1,1,1,1,1,1,1,1,1,1,1,1,1,1,1,1,0,0,0,'2021-12-12','2021-12-12',0,1,0,0,0,0,1,1,1,1,1,1,0,0,0,0,0,0,0,0,1,1,1,1,0,NULL,NULL,0,'0.5in','0.56in','0.5in',0,0,0,NULL,NULL,1,0,0,0,0,0,0,0,0,0,0,0,0,0,0,0,0,0,0,0,0,'0.00000',0,NULL,0,0,1,0,0,1);
/*!40000 ALTER TABLE `options` ENABLE KEYS */;
UNLOCK TABLES;

--
-- Table structure for table `payments`
--

DROP TABLE IF EXISTS `payments`;
CREATE TABLE `payments` (
  `id` int(11) NOT NULL auto_increment,
  `amount` decimal(11,5) default '0.00000',
  `reservation_id` int(11) default NULL,
  `created_at` datetime default NULL,
  `updated_at` datetime default NULL,
  `memo` varchar(255) collate utf8_unicode_ci default NULL,
  `creditcard_id` int(11) default NULL,
  `credit_card_no` varchar(20) collate utf8_unicode_ci default '',
  `cc_expire` date default NULL,
  `name` varchar(32) collate utf8_unicode_ci default NULL,
  `pmt_date` date default NULL,
  `cc_fee` decimal(6,2) default '0.00',
  PRIMARY KEY  (`id`),
  KEY `index_payments_on_reservation_id` (`reservation_id`)
) ENGINE=InnoDB DEFAULT CHARSET=utf8 COLLATE=utf8_unicode_ci;

--
-- Dumping data for table `payments`
--

LOCK TABLES `payments` WRITE;
/*!40000 ALTER TABLE `payments` DISABLE KEYS */;
INSERT INTO `payments` VALUES (1,'75.00000',3,'2021-12-12 11:51:16','2021-12-12 11:51:16','Deposit',2,'',NULL,NULL,'2021-11-15','0.00'),(2,'84.59000',3,'2021-12-12 11:51:16','2021-12-12 11:51:16',NULL,2,'',NULL,NULL,'2021-12-05','0.00'),(3,'66.00000',1,'2021-12-12 11:51:16','2021-12-12 11:51:16','Deposit',4,'12345678',NULL,NULL,'2021-10-28','0.00'),(4,'65.95000',1,'2021-12-12 11:51:16','2021-12-12 11:51:16',NULL,1,'',NULL,NULL,'2021-12-07','0.00'),(5,'250.00000',5,'2021-12-12 11:51:16','2021-12-12 11:51:16','Deposit',5,'12345678',NULL,NULL,'2021-06-12','0.00'),(6,'576.00000',5,'2021-12-12 11:51:16','2021-12-12 11:51:16','Partial',2,'',NULL,NULL,'2021-11-12','0.00'),(7,'103.67000',5,'2021-12-12 11:51:16','2021-12-12 11:51:16',NULL,2,'132',NULL,NULL,'2021-12-11','0.00'),(16,'65.00000',6,'2021-12-12 11:51:16','2021-12-12 11:51:16','Deposit',4,'',NULL,NULL,'2021-11-22','0.00'),(17,'72.00000',2,'2021-12-12 11:51:16','2021-12-12 11:51:16','Deposit',5,'',NULL,NULL,'2021-11-18','0.00'),(18,'220.00000',4,'2021-12-12 11:51:16','2021-12-12 11:51:16',NULL,3,'',NULL,NULL,'2021-10-08','0.00'),(19,'75.74000',6,'2021-12-12 11:51:16','2021-12-12 11:51:16',NULL,4,'',NULL,NULL,'2021-11-02','0.00'),(20,'87.59000',2,'2021-12-12 11:51:16','2021-12-12 11:51:16',NULL,5,'',NULL,NULL,'2021-12-08','0.00'),(21,'258.77000',4,'2021-12-12 11:51:16','2021-12-12 11:51:16',NULL,3,'',NULL,NULL,'2021-12-06','0.00');
/*!40000 ALTER TABLE `payments` ENABLE KEYS */;
UNLOCK TABLES;

--
-- Table structure for table `prices`
--

DROP TABLE IF EXISTS `prices`;
CREATE TABLE `prices` (
  `id` int(11) NOT NULL auto_increment,
  `name` varchar(32) collate utf8_unicode_ci NOT NULL default '',
  PRIMARY KEY  (`id`)
) ENGINE=InnoDB DEFAULT CHARSET=utf8 COLLATE=utf8_unicode_ci;

--
-- Dumping data for table `prices`
--

LOCK TABLES `prices` WRITE;
/*!40000 ALTER TABLE `prices` DISABLE KEYS */;
INSERT INTO `prices` VALUES (1,'Tent E 15'),(2,'Regular EW 30'),(3,'Regular EWS 30'),(4,'Regular EWS 50'),(5,'Premium EWS 50');
/*!40000 ALTER TABLE `prices` ENABLE KEYS */;
UNLOCK TABLES;

--
-- Table structure for table `prompts`
--

DROP TABLE IF EXISTS `prompts`;
CREATE TABLE `prompts` (
  `id` int(11) NOT NULL auto_increment,
  `display` varchar(32) collate utf8_unicode_ci default NULL,
  `locale` varchar(16) collate utf8_unicode_ci default 'en',
  `body` text collate utf8_unicode_ci,
  `created_at` datetime default NULL,
  `updated_at` datetime default NULL,
  PRIMARY KEY  (`id`)
) ENGINE=InnoDB DEFAULT CHARSET=utf8 COLLATE=utf8_unicode_ci;

--
-- Dumping data for table `prompts`
--

LOCK TABLES `prompts` WRITE;
/*!40000 ALTER TABLE `prompts` DISABLE KEYS */;
INSERT INTO `prompts` VALUES (1,'confirmation','en','This page is your reservation confirmation.  Print it on a printer or to a file for your records.','2021-12-12 11:51:16','2021-12-12 11:51:16'),(2,'find_space','en','On this page are listed all of the sites that are available on the dates you selected.  The EWS column indicates whether the sites have Electricity, Water and Sewer and for those having Electricity the amp capacity.  The size column indicates the size in the common measure of the locale (normally feet or meters depending on the locale).  Daily, Weekly and Monthly columns give the Daily, Weekly and Monthly rate for the space.  If there is no amount indicated the space does not have a rate for that period.  Type is the space type which was selected on the previous page.  The Special column contains information that may help you in deciding whether or not you would like the site.  <p> When you find the site you want just click on the <span style=\"text-decoration: underline\">Select</span> link to the right of that site.  You will have an opportunity to change your selection on a following page if you change your mind.  There is a <em>Cancel</em> button at the bottom of the page.</p>','2021-12-12 11:51:16','2021-12-12 11:51:16'),(3,'index','en','Using this series of web pages you can make your own reservations.  Just enter into the fields the information on your party.  The most important piece of information is the dates you want.  When you have entered the requested information, pressing the \'Find Space\' button will cause the system to find spaces which are available on the dates indicated.  At any time you can terminate the process with the \'Cancel\' button.','2021-12-12 11:51:16','2021-12-12 11:51:16'),(4,'show','en','This is your last chance to change things before you complete your reservation. Any fields that are boxed can be modified by selecting them and typing the new data. To change date or space select the buttons so labeled.  <p> Select the <em>Complete Reservation</em> button to continue the reservation process on the Camper Name page.</p>','2021-12-12 11:51:16','2021-12-12 11:51:16'),(5,'wait_for_confirm','en','This page is shown while we are waiting for PayPal to respond with a confirmation of the transaction.  This usually only takes a few seconds.  When the transaction is complete the confirmation page will be presented.','2021-12-12 11:51:16','2021-12-12 11:51:16'),(6,'find_remote','en','On this page enter your name etc.  Any fields with a asterisk after the name of the field are required.  You will not be able to proceed any further in the process until you have filled in the information required.','2021-12-12 11:51:16','2021-12-12 11:51:16'),(7,'CardConnect-payment','en','This page is your secure credit card gateway.  Enter your credit card number, expiration date and security code as prompted then select \'Submit\'','2021-12-12 11:51:16','2021-12-12 11:51:16'),(8,'CardConnect-a-payment','en','This page is your secure credit card gateway.  Enter your credit card number, expiration date and security code as prompted then select \'Submit\'<p>If you will not be paying now select Finish Reservation.</p>','2021-12-12 11:51:16','2021-12-12 11:51:16'),(9,'PayPal-a-payment','en','Review the amount to be charged using PayPal and then select the PayPal Buy Now button.  This button will take you to the PayPal secure payments page.<p>If you will not be paying now select Finish Reservation.</p>','2021-12-12 11:51:16','2021-12-12 11:51:16'),(10,'PayPal-payment','en','Review the amount to be charged using PayPal and then select the PayPal Buy Now button.  This button will take you to the PayPal secure payments page.\")','2021-12-12 11:51:16','2021-12-12 11:51:16');
/*!40000 ALTER TABLE `prompts` ENABLE KEYS */;
UNLOCK TABLES;

--
-- Table structure for table `rates`
--

DROP TABLE IF EXISTS `rates`;
CREATE TABLE `rates` (
  `id` int(11) NOT NULL auto_increment,
  `season_id` int(11) default NULL,
  `price_id` int(11) default NULL,
  `daily_rate` decimal(10,5) NOT NULL default '0.00000',
  `weekly_rate` decimal(10,5) NOT NULL default '0.00000',
  `monthly_rate` decimal(11,5) NOT NULL default '0.00000',
  `seasonal_rate` decimal(8,2) NOT NULL default '0.00',
  `sunday` decimal(10,5) NOT NULL default '0.00000',
  `monday` decimal(10,5) NOT NULL default '0.00000',
  `tuesday` decimal(10,5) NOT NULL default '0.00000',
  `wednesday` decimal(10,5) NOT NULL default '0.00000',
  `thursday` decimal(10,5) NOT NULL default '0.00000',
  `friday` decimal(10,5) NOT NULL default '0.00000',
  `saturday` decimal(10,5) NOT NULL default '0.00000',
  `monthly_storage` decimal(11,5) default '0.00000',
  PRIMARY KEY  (`id`),
  KEY `index_rates_on_price_id` (`price_id`),
  KEY `index_rates_on_season_id` (`season_id`)
) ENGINE=InnoDB DEFAULT CHARSET=utf8 COLLATE=utf8_unicode_ci;

--
-- Dumping data for table `rates`
--

LOCK TABLES `rates` WRITE;
/*!40000 ALTER TABLE `rates` DISABLE KEYS */;
INSERT INTO `rates` VALUES (1,1,1,'12.00000','72.00000','288.00000','0.00','0.00000','0.00000','0.00000','0.00000','0.00000','0.00000','0.00000','0.00000'),(2,1,2,'20.00000','0.00000','0.00000','0.00','0.00000','0.00000','0.00000','0.00000','0.00000','0.00000','0.00000','0.00000'),(3,1,3,'22.00000','132.00000','0.00000','0.00','0.00000','0.00000','0.00000','0.00000','0.00000','0.00000','0.00000','0.00000'),(4,1,4,'24.00000','144.00000','576.00000','0.00','0.00000','0.00000','0.00000','0.00000','0.00000','0.00000','0.00000','0.00000'),(5,1,5,'25.00000','150.00000','600.00000','0.00','0.00000','0.00000','0.00000','0.00000','0.00000','0.00000','0.00000','0.00000'),(6,2,1,'13.00000','75.00000','300.00000','0.00','0.00000','0.00000','0.00000','0.00000','0.00000','0.00000','0.00000','0.00000'),(7,2,2,'22.00000','0.00000','0.00000','0.00','0.00000','0.00000','0.00000','0.00000','0.00000','0.00000','0.00000','0.00000'),(8,2,3,'24.00000','155.00000','0.00000','0.00','0.00000','0.00000','0.00000','0.00000','0.00000','0.00000','0.00000','0.00000'),(9,2,4,'26.00000','158.00000','634.00000','0.00','0.00000','0.00000','0.00000','0.00000','0.00000','0.00000','0.00000','0.00000'),(10,2,5,'28.00000','165.00000','660.00000','0.00','0.00000','0.00000','0.00000','0.00000','0.00000','0.00000','0.00000','0.00000');
/*!40000 ALTER TABLE `rates` ENABLE KEYS */;
UNLOCK TABLES;

--
-- Table structure for table `recommenders`
--

DROP TABLE IF EXISTS `recommenders`;
CREATE TABLE `recommenders` (
  `id` int(11) NOT NULL auto_increment,
  `name` varchar(32) collate utf8_unicode_ci default NULL,
  `created_at` datetime default NULL,
  `updated_at` datetime default NULL,
  `position` int(11) default NULL,
  `active` tinyint(1) default '1',
  PRIMARY KEY  (`id`),
  KEY `index_recommenders_on_position` (`position`)
) ENGINE=InnoDB DEFAULT CHARSET=utf8 COLLATE=utf8_unicode_ci;

--
-- Dumping data for table `recommenders`
--

LOCK TABLES `recommenders` WRITE;
/*!40000 ALTER TABLE `recommenders` DISABLE KEYS */;
INSERT INTO `recommenders` VALUES (1,'none','2021-12-12 11:51:17','2021-12-12 11:51:17',NULL,1),(2,'Friend','2021-12-12 11:51:17','2021-12-12 11:51:17',NULL,1),(3,'Trailer life','2021-12-12 11:51:17','2021-12-12 11:51:17',NULL,1);
/*!40000 ALTER TABLE `recommenders` ENABLE KEYS */;
UNLOCK TABLES;

--
-- Table structure for table `remember_logins`
--

DROP TABLE IF EXISTS `remember_logins`;
CREATE TABLE `remember_logins` (
  `id` int(11) NOT NULL auto_increment,
  `user_id` int(11) default NULL,
  `token` varchar(255) collate utf8_unicode_ci default NULL,
  `token_expires` datetime default NULL,
  `created_at` datetime default NULL,
  `updated_at` datetime default NULL,
  PRIMARY KEY  (`id`)
) ENGINE=InnoDB DEFAULT CHARSET=utf8 COLLATE=utf8_unicode_ci;

--
-- Dumping data for table `remember_logins`
--

LOCK TABLES `remember_logins` WRITE;
/*!40000 ALTER TABLE `remember_logins` DISABLE KEYS */;
/*!40000 ALTER TABLE `remember_logins` ENABLE KEYS */;
UNLOCK TABLES;

--
-- Table structure for table `reservations`
--

DROP TABLE IF EXISTS `reservations`;
CREATE TABLE `reservations` (
  `id` int(11) NOT NULL auto_increment,
  `camper_id` int(11) NOT NULL default '0',
  `rigtype_id` mediumint(9) NOT NULL default '0',
  `space_id` int(11) NOT NULL default '0',
  `discount_id` int(11) default NULL,
  `group_id` int(11) default NULL,
  `startdate` date NOT NULL,
  `enddate` date NOT NULL,
  `deposit` decimal(8,2) default '0.00',
  `override_total` decimal(8,2) default '0.00',
  `special_request` varchar(255) collate utf8_unicode_ci default NULL,
  `slides` tinyint(4) default '0',
  `length` mediumint(9) default '0',
  `rig_age` mediumint(9) default '0',
  `vehicle_license` varchar(20) collate utf8_unicode_ci default NULL,
  `vehicle_state` varchar(16) collate utf8_unicode_ci default NULL,
  `checked_in` tinyint(1) default '0',
  `adults` smallint(6) default '2',
  `pets` smallint(6) default '0',
  `kids` smallint(6) default '0',
  `lock_version` int(11) default '0',
  `total` decimal(8,2) default '0.00',
  `confirm` tinyint(1) default '0',
  `created_at` datetime default NULL,
  `ext_charges` decimal(6,2) default '0.00',
  `tax_str` text collate utf8_unicode_ci,
  `tax_amount` decimal(6,2) default '0.00',
  `unconfirmed_remote` tinyint(1) default '0',
  `log` text collate utf8_unicode_ci,
  `vehicle_license_2` varchar(20) collate utf8_unicode_ci default NULL,
  `vehicle_state_2` varchar(16) collate utf8_unicode_ci default NULL,
  `recommender_id` int(11) default '0',
  `seasonal_rate` decimal(8,2) default '0.00',
  `seasonal_charges` decimal(8,2) default '0.00',
  `seasonal` tinyint(1) default '0',
  `gateway_transaction` varchar(255) collate utf8_unicode_ci default NULL,
  `onetime_discount` decimal(8,2) default '0.00',
  `archived` tinyint(1) default '0',
  `updated_on` date default NULL,
  `storage` tinyint(1) default '0',
  `updated_at` datetime default NULL,
  `sitetype_id` int(11) default '0',
  `next` int(11) default NULL,
  `prev` int(11) default NULL,
  `cancelled` tinyint(1) default '0',
  `checked_out` tinyint(1) default '0',
  PRIMARY KEY  (`id`),
  KEY `index_reservations_on_enddate` (`enddate`),
  KEY `index_reservations_on_group_id` (`group_id`),
  KEY `index_reservations_on_space_id` (`space_id`),
  KEY `index_reservations_on_startdate` (`startdate`)
) ENGINE=InnoDB DEFAULT CHARSET=utf8 COLLATE=utf8_unicode_ci;

--
-- Dumping data for table `reservations`
--

LOCK TABLES `reservations` WRITE;
/*!40000 ALTER TABLE `reservations` DISABLE KEYS */;
INSERT INTO `reservations` VALUES (1,1,5,7,1,NULL,'2021-12-07','2021-12-12','0.00','0.00','Tent camper',0,0,0,'XYZ123','TX',1,2,0,0,2,'126.00',1,'0000-00-00 00:00:00','0.00','--- \n- :amount: $5.70\n  :desc: 4.75%\n  :name: Sales tax\n- :amount: $6.25\n  :count: 5\n  :desc: $1.25 per night\n  :name: Room tax\n','12.24',0,NULL,NULL,NULL,0,'0.00','0.00',0,NULL,'0.00',0,'2021-12-12',0,'2021-12-12 11:51:19',0,NULL,NULL,0,0),(2,2,3,9,4,NULL,'2021-12-06','2021-12-13','0.00','0.00','',0,26,6,NULL,NULL,1,2,0,0,3,'152.00',1,'0000-00-00 00:00:00','0.00','--- \n- :amount: $6.84\n  :desc: 4.75%\n  :name: Sales tax\n- :amount: $8.75\n  :count: 7\n  :desc: $1.25 per night\n  :name: Room tax\n','15.97',0,NULL,NULL,NULL,0,'0.00','0.00',0,NULL,'0.00',0,'2021-12-12',0,'2021-12-12 11:51:20',0,NULL,NULL,0,0),(3,4,1,8,1,NULL,'2021-12-05','2021-12-12','0.00','0.00',NULL,0,32,0,NULL,NULL,1,2,0,0,3,'150.00',1,'0000-00-00 00:00:00','0.00','--- \n- :amount: $6.84\n  :desc: 4.75%\n  :name: Sales tax\n- :amount: $8.75\n  :count: 7\n  :desc: $1.25 per night\n  :name: Room tax\n','15.88',0,NULL,NULL,NULL,0,'0.00','0.00',0,NULL,'0.00',0,'2021-12-12',0,'2021-12-12 11:51:20',0,NULL,NULL,0,0),(4,6,1,11,1,NULL,'2021-11-22','2021-12-13','0.00','0.00',NULL,0,36,0,NULL,NULL,1,2,0,0,3,'440.00',1,'0000-00-00 00:00:00','0.00','--- \n- :amount: $20.52\n  :desc: 4.75%\n  :name: Sales tax\n- :amount: $26.25\n  :count: 28\n  :desc: $1.25 per night\n  :name: Room tax\n','47.15',0,NULL,NULL,NULL,0,'0.00','0.00',0,NULL,'0.00',0,'2021-12-12',0,'2021-12-12 11:51:21',0,NULL,NULL,0,0),(5,8,2,12,1,NULL,'2021-11-12','2021-12-24','0.00','0.00',NULL,0,19,0,'AQ158','AZ',1,2,0,0,3,'850.30',1,'0000-00-00 00:00:00','0.00','--- \n- :amount: $41.04\n  :desc: 4.75%\n  :name: Sales tax\n- :amount: $17.50\n  :count: 14\n  :desc: $1.25 per night\n  :name: Room tax\n','55.39',0,NULL,NULL,NULL,0,'0.00','0.00',0,NULL,'0.00',0,'2021-12-12',0,'2021-12-12 11:51:21',0,NULL,NULL,0,0),(6,10,1,36,2,NULL,'2021-12-08','2021-12-15','0.00','0.00',NULL,0,40,0,NULL,NULL,1,2,0,0,3,'135.00',1,'0000-00-00 00:00:00','0.00','--- \n- :amount: $5.99\n  :desc: 4.75%\n  :name: Sales tax\n- :amount: $8.75\n  :count: 7\n  :desc: $1.25 per night\n  :name: Room tax\n','15.16',0,NULL,NULL,NULL,0,'0.00','0.00',0,NULL,'0.00',0,'2021-12-12',0,'2021-12-12 11:51:22',0,NULL,NULL,0,0),(7,12,1,7,1,NULL,'2021-12-12','2021-12-13','0.00','0.00',NULL,0,40,0,NULL,NULL,0,2,0,0,3,'27.00',1,'0000-00-00 00:00:00','0.00','--- \n- :amount: $1.14\n  :desc: 4.75%\n  :name: Sales tax\n- :amount: $1.25\n  :count: 1\n  :desc: $1.25 per night\n  :name: Room tax\n','2.54',0,NULL,NULL,NULL,0,'0.00','0.00',0,NULL,'0.00',0,'2021-12-12',0,'2021-12-12 11:51:22',0,NULL,NULL,0,0),(8,3,4,13,4,NULL,'2021-12-12','2021-12-19','0.00','0.00','',0,42,15,NULL,NULL,0,2,0,0,3,'159.00',1,'0000-00-00 00:00:00','0.00','--- \n- :amount: $6.84\n  :desc: 4.75%\n  :name: Sales tax\n- :amount: $8.75\n  :count: 7\n  :desc: $1.25 per night\n  :name: Room tax\n','16.31',0,NULL,NULL,NULL,0,'0.00','0.00',0,NULL,'0.00',0,'2021-12-12',0,'2021-12-12 11:51:23',0,NULL,NULL,0,0),(9,5,1,16,3,NULL,'2021-12-12','2021-12-13','0.00','0.00',NULL,0,30,0,NULL,NULL,0,2,0,0,3,'23.40',1,'0000-00-00 00:00:00','0.00','--- \n- :amount: $1.03\n  :desc: 4.75%\n  :name: Sales tax\n- :amount: $1.25\n  :count: 1\n  :desc: $1.25 per night\n  :name: Room tax\n','2.36',0,NULL,NULL,NULL,0,'0.00','0.00',0,NULL,'0.00',0,'2021-12-12',0,'2021-12-12 11:51:23',0,NULL,NULL,0,0),(10,7,1,15,2,NULL,'2021-12-12','2022-01-12','0.00','0.00',NULL,0,32,0,NULL,NULL,0,2,0,0,3,'541.77',1,'0000-00-00 00:00:00','0.00','--- \n- :amount: $29.41\n  :desc: 4.75%\n  :name: Sales tax\n- :amount: $37.50\n  :count: 30\n  :desc: $1.25 per night\n  :name: Room tax\n','25.73',0,NULL,NULL,NULL,0,'0.00','0.00',0,NULL,'0.00',0,'2021-12-12',0,'2021-12-12 11:51:24',0,NULL,NULL,0,0),(11,9,1,11,1,NULL,'2021-12-13','2021-12-14','0.00','0.00',NULL,0,35,0,NULL,NULL,0,2,0,0,3,'26.00',1,'0000-00-00 00:00:00','0.00','--- \n- :amount: $1.14\n  :desc: 4.75%\n  :name: Sales tax\n- :amount: $1.25\n  :count: 1\n  :desc: $1.25 per night\n  :name: Room tax\n','2.49',0,NULL,NULL,NULL,0,'0.00','0.00',0,NULL,'0.00',0,'2021-12-12',0,'2021-12-12 11:51:24',0,NULL,NULL,0,0),(12,10,1,16,3,NULL,'2021-12-13','2021-12-16','0.00','0.00',NULL,0,35,0,NULL,NULL,0,2,0,0,3,'66.60',1,'0000-00-00 00:00:00','0.00','--- \n- :amount: $3.08\n  :desc: 4.75%\n  :name: Sales tax\n- :amount: $3.75\n  :count: 3\n  :desc: $1.25 per night\n  :name: Room tax\n','6.91',0,NULL,NULL,NULL,0,'0.00','0.00',0,NULL,'0.00',0,'2021-12-12',0,'2021-12-12 11:51:25',0,NULL,NULL,0,0),(13,2,6,17,1,1,'2021-12-13','2021-12-17','0.00','0.00','',0,24,8,NULL,NULL,0,2,0,0,3,'98.00',1,'0000-00-00 00:00:00','0.00','--- \n- :amount: $4.56\n  :desc: 4.75%\n  :name: Sales tax\n- :amount: $5.00\n  :count: 4\n  :desc: $1.25 per night\n  :name: Room tax\n','9.66',0,NULL,NULL,NULL,0,'0.00','0.00',0,NULL,'0.00',0,'2021-12-12',0,'2021-12-12 11:51:25',0,NULL,NULL,0,0),(14,13,2,20,1,NULL,'2021-12-14','2022-01-14','0.00','0.00',NULL,0,19,0,NULL,NULL,0,2,0,0,3,'576.00',1,'0000-00-00 00:00:00','0.00','--- \n- :amount: $29.64\n  :desc: 4.75%\n  :name: Sales tax\n- :amount: $37.50\n  :count: 30\n  :desc: $1.25 per night\n  :name: Room tax\n','27.36',0,NULL,NULL,NULL,0,'0.00','0.00',0,NULL,'0.00',0,'2021-12-12',0,'2021-12-12 11:51:26',0,NULL,NULL,0,0),(15,5,8,34,1,NULL,'2021-12-14','2021-12-21','0.00','0.00','',0,20,4,NULL,NULL,0,2,0,0,2,'132.00',1,'0000-00-00 00:00:00','0.00','--- \n- :amount: $6.27\n  :desc: 4.75%\n  :name: Sales tax\n- :amount: $8.75\n  :count: 7\n  :desc: $1.25 per night\n  :name: Room tax\n','15.02',0,NULL,NULL,NULL,0,'0.00','0.00',0,NULL,'0.00',0,'2021-12-12',0,'2021-12-12 11:51:17',0,NULL,NULL,0,0),(16,7,1,36,1,NULL,'2021-12-15','2021-12-25','0.00','0.00',NULL,0,34,0,NULL,NULL,0,2,0,0,3,'200.00',1,'0000-00-00 00:00:00','0.00','--- \n- :amount: $9.50\n  :desc: 4.75%\n  :name: Sales tax\n- :amount: $12.50\n  :count: 10\n  :desc: $1.25 per night\n  :name: Room tax\n','22.00',0,NULL,NULL,NULL,0,'0.00','0.00',0,NULL,'0.00',0,'2021-12-12',0,'2021-12-12 11:51:26',0,NULL,NULL,0,0),(17,9,1,41,2,NULL,'2021-12-16','2021-12-23','0.00','0.00',NULL,0,33,0,NULL,NULL,0,2,0,0,3,'126.00',1,'0000-00-00 00:00:00','0.00','--- \n- :amount: $5.99\n  :desc: 4.75%\n  :name: Sales tax\n- :amount: $8.75\n  :count: 7\n  :desc: $1.25 per night\n  :name: Room tax\n','14.74',0,NULL,NULL,NULL,0,'0.00','0.00',0,NULL,'0.00',0,'2021-12-12',0,'2021-12-12 11:51:27',0,NULL,NULL,0,0),(18,8,4,9,5,NULL,'2021-12-16','2021-12-19','0.00','0.00','',0,40,8,NULL,NULL,0,2,0,0,2,'36.00',1,'0000-00-00 00:00:00','0.00','--- \n- :amount: $1.71\n  :desc: 4.75%\n  :name: Sales tax\n- :amount: $3.75\n  :count: 3\n  :desc: $1.25 per night\n  :name: Room tax\n','5.46',0,NULL,NULL,NULL,0,'0.00','0.00',0,NULL,'0.00',0,'2021-12-12',0,'2021-12-12 11:51:17',0,NULL,NULL,0,0),(19,11,1,62,4,NULL,'2021-12-19','2022-01-02','0.00','0.00','Arriving Late',0,20,0,NULL,NULL,0,2,0,0,3,'300.00',1,'0000-00-00 00:00:00','0.00','--- \n- :amount: $14.25\n  :desc: 4.75%\n  :name: Sales tax\n- :amount: $17.50\n  :count: 14\n  :desc: $1.25 per night\n  :name: Room tax\n','31.75',0,NULL,NULL,NULL,0,'0.00','0.00',0,NULL,'0.00',0,'2021-12-12',0,'2021-12-12 11:51:28',0,NULL,NULL,0,0),(20,6,5,13,3,NULL,'2021-12-04','2021-12-10','0.00','0.00','tent',0,0,0,NULL,NULL,1,2,0,0,3,'131.40',1,'0000-00-00 00:00:00','0.00','--- \n- :amount: $2.05\n  :desc: 4.75%\n  :name: Sales tax\n- :amount: $5.00\n  :count: 6\n  :desc: $1.25 per night\n  :name: Room tax\n','13.74',0,NULL,NULL,NULL,0,'0.00','0.00',0,NULL,'0.00',0,'2021-12-12',0,'2021-12-12 11:51:28',0,NULL,NULL,0,0),(21,11,1,90,3,NULL,'2021-12-13','2021-12-16','0.00','0.00',NULL,0,35,0,NULL,NULL,0,2,0,0,3,'33.30',1,'0000-00-00 00:00:00','0.00','--- \n- :amount: $1.54\n  :desc: 4.75%\n  :name: Sales tax\n- :amount: $3.75\n  :count: 3\n  :desc: $1.25 per night\n  :name: Room tax\n','1.58',0,NULL,NULL,NULL,0,'0.00','0.00',0,NULL,'0.00',0,'2021-12-12',0,'2021-12-12 11:51:29',0,NULL,NULL,0,0),(22,4,4,91,5,NULL,'2021-12-16','2021-12-19','0.00','0.00','',0,40,8,NULL,NULL,0,2,0,0,3,'18.00',1,'0000-00-00 00:00:00','0.00','--- \n- :amount: $0.86\n  :desc: 4.75%\n  :name: Sales tax\n- :amount: $3.75\n  :count: 3\n  :desc: $1.25 per night\n  :name: Room tax\n','0.86',0,NULL,NULL,NULL,0,'0.00','0.00',0,NULL,'0.00',0,'2021-12-12',0,'2021-12-12 11:51:29',0,NULL,NULL,0,0),(23,13,6,62,1,1,'2021-12-13','2021-12-17','0.00','0.00','',0,24,8,NULL,NULL,0,2,0,0,4,'103.00',1,'0000-00-00 00:00:00','0.00','--- \n- :amount: $4.75\n  :desc: 4.75%\n  :name: Sales tax\n- :amount: $5.00\n  :count: 4\n  :desc: $1.25 per night\n  :name: Room tax\n','9.89',0,NULL,NULL,NULL,0,'0.00','0.00',0,NULL,'0.00',0,'2021-12-12',0,'2021-12-12 11:51:29',0,NULL,NULL,0,0),(24,3,8,63,1,NULL,'2021-12-14','2021-12-21','0.00','0.00','',0,20,4,NULL,NULL,0,2,0,0,2,'150.00',1,'0000-00-00 00:00:00','0.00','--- \n- :amount: $7.13\n  :desc: 4.75%\n  :name: Sales tax\n- :amount: $8.75\n  :count: 7\n  :desc: $1.25 per night\n  :name: Room tax\n','15.88',0,NULL,NULL,NULL,0,'0.00','0.00',0,NULL,'0.00',0,'2021-12-12',0,'2021-12-12 11:51:17',0,NULL,NULL,0,0),(25,6,5,91,3,NULL,'2021-12-20','2021-12-24','0.00','0.00','tent',0,0,0,NULL,NULL,0,2,0,0,3,'43.20',1,'0000-00-00 00:00:00','0.00','--- \n- :amount: $2.05\n  :desc: 4.75%\n  :name: Sales tax\n- :amount: $5.00\n  :count: 4\n  :desc: $1.25 per night\n  :name: Room tax\n','2.05',0,NULL,NULL,NULL,0,'0.00','0.00',0,NULL,'0.00',0,'2021-12-12',0,'2021-12-12 11:51:30',0,NULL,NULL,0,0),(73,16,0,2,1,NULL,'2021-12-17','2021-12-18','0.00','0.00',NULL,0,0,0,NULL,NULL,0,2,0,0,7,'24.00',1,'2021-12-17 15:40:59','0.00',NULL,'2.39',0,'reservation made by: guest at: Fri Dec 17 15:41:30 +0300 2021<br/>cancelled by: manager at: Fri Dec 17 15:42:34 +0300 2021<br/>',NULL,NULL,0,'0.00','0.00',0,NULL,'0.00',1,'2021-12-17',0,'2021-12-17 15:42:34',0,NULL,NULL,1,0);
/*!40000 ALTER TABLE `reservations` ENABLE KEYS */;
UNLOCK TABLES;

--
-- Table structure for table `rigtypes`
--

DROP TABLE IF EXISTS `rigtypes`;
CREATE TABLE `rigtypes` (
  `id` int(11) NOT NULL auto_increment,
  `name` varchar(32) collate utf8_unicode_ci NOT NULL default '',
  `position` int(11) default NULL,
  `active` tinyint(1) default '1',
  PRIMARY KEY  (`id`),
  KEY `index_rigtypes_on_position` (`position`)
) ENGINE=InnoDB DEFAULT CHARSET=utf8 COLLATE=utf8_unicode_ci;

--
-- Dumping data for table `rigtypes`
--

LOCK TABLES `rigtypes` WRITE;
/*!40000 ALTER TABLE `rigtypes` DISABLE KEYS */;
INSERT INTO `rigtypes` VALUES (1,'Class A',NULL,1),(2,'Class B',NULL,1),(3,'Class C',NULL,1),(4,'Bus',NULL,1),(5,'Tent',NULL,1),(6,'Trailer',NULL,1),(7,'5th Wheel',NULL,1),(8,'Truck Camper',NULL,1);
/*!40000 ALTER TABLE `rigtypes` ENABLE KEYS */;
UNLOCK TABLES;

--
-- Table structure for table `schema_migrations`
--

DROP TABLE IF EXISTS `schema_migrations`;
CREATE TABLE `schema_migrations` (
  `version` varchar(255) collate utf8_unicode_ci NOT NULL,
  UNIQUE KEY `unique_schema_migrations` (`version`)
) ENGINE=InnoDB DEFAULT CHARSET=utf8 COLLATE=utf8_unicode_ci;

--
-- Dumping data for table `schema_migrations`
--

LOCK TABLES `schema_migrations` WRITE;
/*!40000 ALTER TABLE `schema_migrations` DISABLE KEYS */;
INSERT INTO `schema_migrations` VALUES ('1'),('10'),('11'),('12'),('13'),('14'),('15'),('16'),('17'),('18'),('19'),('2'),('20'),('21'),('22'),('23'),('24'),('25'),('26'),('27'),('28'),('29'),('3'),('30'),('31'),('32'),('33'),('34'),('35'),('36'),('37'),('38'),('39'),('4'),('40'),('41'),('42'),('43'),('44'),('45'),('46'),('47'),('48'),('49'),('5'),('50'),('51'),('52'),('53'),('54'),('55'),('56'),('57'),('58'),('59'),('6'),('60'),('61'),('62'),('63'),('64'),('65'),('66'),('67'),('68'),('69'),('7'),('70'),('71'),('72'),('73'),('74'),('75'),('76'),('77'),('78'),('79'),('8'),('80'),('81'),('82'),('83'),('84'),('85'),('86'),('87'),('9');
/*!40000 ALTER TABLE `schema_migrations` ENABLE KEYS */;
UNLOCK TABLES;

--
-- Table structure for table `seasons`
--

DROP TABLE IF EXISTS `seasons`;
CREATE TABLE `seasons` (
  `id` int(11) NOT NULL auto_increment,
  `name` varchar(32) collate utf8_unicode_ci default NULL,
  `startdate` date default NULL,
  `enddate` date default NULL,
  `applies_to_weekly` tinyint(1) default '1',
  `applies_to_monthly` tinyint(1) default '1',
  `active` tinyint(1) default '1',
  PRIMARY KEY  (`id`)
) ENGINE=InnoDB DEFAULT CHARSET=utf8 COLLATE=utf8_unicode_ci;

--
-- Dumping data for table `seasons`
--

LOCK TABLES `seasons` WRITE;
/*!40000 ALTER TABLE `seasons` DISABLE KEYS */;
INSERT INTO `seasons` VALUES (1,'default','2000-01-01','2100-01-01',1,1,1),(2,'Holiday','2021-12-09','2021-12-13',1,1,1);
/*!40000 ALTER TABLE `seasons` ENABLE KEYS */;
UNLOCK TABLES;

--
-- Table structure for table `sitetypes`
--

DROP TABLE IF EXISTS `sitetypes`;
CREATE TABLE `sitetypes` (
  `id` int(11) NOT NULL auto_increment,
  `name` varchar(32) collate utf8_unicode_ci NOT NULL default '',
  `position` int(11) default NULL,
  `active` tinyint(1) default '1',
  PRIMARY KEY  (`id`),
  KEY `index_sitetypes_on_position` (`position`)
) ENGINE=InnoDB DEFAULT CHARSET=utf8 COLLATE=utf8_unicode_ci;

--
-- Dumping data for table `sitetypes`
--

LOCK TABLES `sitetypes` WRITE;
/*!40000 ALTER TABLE `sitetypes` DISABLE KEYS */;
INSERT INTO `sitetypes` VALUES (1,'Tent',NULL,1),(2,'Regular',NULL,1),(3,'Premium',NULL,1);
/*!40000 ALTER TABLE `sitetypes` ENABLE KEYS */;
UNLOCK TABLES;

--
-- Table structure for table `sitetypes_taxrates`
--

DROP TABLE IF EXISTS `sitetypes_taxrates`;
CREATE TABLE `sitetypes_taxrates` (
  `sitetype_id` int(11) NOT NULL,
  `taxrate_id` int(11) NOT NULL,
  KEY `index_sitetypes_taxrates_on_sitetype_id` (`sitetype_id`),
  KEY `index_sitetypes_taxrates_on_taxrate_id` (`taxrate_id`)
) ENGINE=InnoDB DEFAULT CHARSET=utf8 COLLATE=utf8_unicode_ci;

--
-- Dumping data for table `sitetypes_taxrates`
--

LOCK TABLES `sitetypes_taxrates` WRITE;
/*!40000 ALTER TABLE `sitetypes_taxrates` DISABLE KEYS */;
INSERT INTO `sitetypes_taxrates` VALUES (3,2),(1,1),(2,1),(2,2),(3,1);
/*!40000 ALTER TABLE `sitetypes_taxrates` ENABLE KEYS */;
UNLOCK TABLES;

--
-- Table structure for table `smtp_authentications`
--

DROP TABLE IF EXISTS `smtp_authentications`;
CREATE TABLE `smtp_authentications` (
  `id` int(11) NOT NULL auto_increment,
  `name` varchar(32) collate utf8_unicode_ci default NULL,
  PRIMARY KEY  (`id`)
) ENGINE=InnoDB DEFAULT CHARSET=utf8 COLLATE=utf8_unicode_ci;

--
-- Dumping data for table `smtp_authentications`
--

LOCK TABLES `smtp_authentications` WRITE;
/*!40000 ALTER TABLE `smtp_authentications` DISABLE KEYS */;
INSERT INTO `smtp_authentications` VALUES (1,'none'),(2,'plain'),(3,'login'),(4,'cram_md5');
/*!40000 ALTER TABLE `smtp_authentications` ENABLE KEYS */;
UNLOCK TABLES;

--
-- Table structure for table `space_allocs`
--

DROP TABLE IF EXISTS `space_allocs`;
CREATE TABLE `space_allocs` (
  `id` int(11) NOT NULL auto_increment,
  `space_id` int(11) default NULL,
  `reservation_id` int(11) default NULL,
  `created_at` datetime default NULL,
  `updated_at` datetime default NULL,
  PRIMARY KEY  (`id`)
) ENGINE=InnoDB DEFAULT CHARSET=utf8 COLLATE=utf8_unicode_ci;

--
-- Dumping data for table `space_allocs`
--

LOCK TABLES `space_allocs` WRITE;
/*!40000 ALTER TABLE `space_allocs` DISABLE KEYS */;
/*!40000 ALTER TABLE `space_allocs` ENABLE KEYS */;
UNLOCK TABLES;

--
-- Table structure for table `spaces`
--

DROP TABLE IF EXISTS `spaces`;
CREATE TABLE `spaces` (
  `id` int(11) NOT NULL auto_increment,
  `name` varchar(32) collate utf8_unicode_ci NOT NULL default '',
  `power_15a` tinyint(1) default '0',
  `power_30a` tinyint(1) default '0',
  `power_50a` tinyint(1) default '0',
  `water` tinyint(1) default '0',
  `sewer` tinyint(1) default '0',
  `length` mediumint(9) NOT NULL default '0',
  `width` mediumint(9) default '102',
  `sitetype_id` mediumint(9) NOT NULL default '0',
  `price_id` mediumint(9) NOT NULL default '0',
  `special_condition` varchar(255) collate utf8_unicode_ci default NULL,
  `unavailable` tinyint(1) default '0',
  `position` int(11) default NULL,
  `remote_reservable` tinyint(1) default '1',
  `current` decimal(8,2) default '0.00',
  `active` tinyint(1) default '1',
  PRIMARY KEY  (`id`),
  KEY `index_spaces_on_position` (`position`)
) ENGINE=InnoDB DEFAULT CHARSET=utf8 COLLATE=utf8_unicode_ci;

--
-- Dumping data for table `spaces`
--

LOCK TABLES `spaces` WRITE;
/*!40000 ALTER TABLE `spaces` DISABLE KEYS */;
INSERT INTO `spaces` VALUES (1,'one',1,1,1,1,1,60,102,2,4,'Pull in',0,1,1,'0.00',1),(2,'two',1,1,1,1,1,60,102,2,4,NULL,0,2,1,'0.00',1),(3,'three',1,1,1,1,1,60,102,2,4,NULL,0,3,1,'0.00',1),(4,'4',1,1,1,1,1,60,102,2,4,NULL,1,4,1,'0.00',1),(5,'5',1,1,1,1,1,60,102,2,4,NULL,0,5,1,'0.00',1),(6,'6',1,1,1,1,1,60,102,2,4,NULL,0,6,1,'0.00',1),(7,'7',1,1,1,1,1,60,102,2,4,NULL,0,7,1,'0.00',1),(8,'8',1,1,1,1,1,60,102,2,4,NULL,0,8,1,'0.00',1),(9,'9',1,1,1,1,1,60,102,2,4,NULL,0,9,1,'0.00',1),(10,'10',1,1,1,1,1,60,102,2,4,NULL,0,10,1,'0.00',1),(11,'11',1,1,1,1,1,60,102,2,4,NULL,0,11,1,'0.00',1),(12,'12',1,1,1,1,1,60,102,2,4,NULL,0,12,1,'0.00',1),(13,'13',1,1,1,1,1,60,102,2,4,NULL,0,13,1,'0.00',1),(14,'14',1,1,1,1,1,60,102,2,4,NULL,0,14,1,'0.00',1),(15,'15',1,1,1,1,1,60,102,2,4,NULL,0,15,1,'0.00',1),(16,'16',1,1,1,1,1,60,102,2,4,NULL,0,16,1,'0.00',1),(17,'17',1,1,1,1,1,60,102,2,4,NULL,0,17,1,'0.00',1),(18,'18',1,1,1,1,1,60,102,2,4,NULL,0,18,1,'0.00',1),(19,'19',1,1,1,1,1,60,102,2,4,NULL,0,19,1,'0.00',1),(20,'20',1,1,1,1,1,60,102,2,4,NULL,0,20,1,'0.00',1),(21,'21',1,1,0,1,1,40,102,2,3,NULL,0,21,1,'0.00',1),(22,'22',1,1,0,1,1,40,102,2,3,'Riverside',0,22,1,'0.00',1),(23,'23',1,1,0,1,1,40,102,2,3,NULL,0,23,1,'0.00',1),(24,'24',1,1,0,1,1,40,102,2,3,NULL,0,24,1,'0.00',1),(25,'25',1,1,0,1,1,40,102,2,3,NULL,0,25,1,'0.00',1),(26,'26',1,1,0,1,1,40,102,2,3,NULL,0,26,1,'0.00',1),(27,'27',1,1,0,1,1,40,102,2,3,NULL,0,27,1,'0.00',1),(28,'28',1,1,0,1,1,40,102,2,3,NULL,0,28,1,'0.00',1),(29,'29',1,1,0,1,1,40,102,2,3,NULL,0,29,1,'0.00',1),(30,'30',1,1,0,1,1,40,102,2,3,NULL,0,30,1,'0.00',1),(31,'31',1,1,0,1,1,40,102,2,3,NULL,0,31,1,'0.00',1),(32,'32',1,1,0,1,1,40,102,2,3,NULL,0,32,1,'0.00',1),(33,'33',1,1,0,1,1,40,102,2,3,NULL,0,33,1,'0.00',1),(34,'34',1,1,0,1,1,40,102,2,3,NULL,0,34,1,'0.00',1),(35,'35',1,1,0,1,1,40,102,2,3,NULL,0,35,1,'0.00',1),(36,'36',1,1,0,1,0,40,102,2,2,NULL,0,36,1,'0.00',1),(37,'37',1,1,0,1,0,40,102,2,2,NULL,0,37,1,'0.00',1),(38,'38',1,1,0,1,0,40,102,2,2,NULL,0,38,1,'0.00',1),(39,'39',1,1,0,1,0,40,102,2,2,NULL,0,39,1,'0.00',1),(40,'40',1,1,0,1,0,40,102,2,2,NULL,0,40,1,'0.00',1),(41,'41',1,1,0,1,0,40,102,2,2,NULL,0,41,1,'0.00',1),(42,'42',1,1,0,1,0,40,102,2,2,NULL,0,42,1,'0.00',1),(43,'43',1,1,0,1,0,40,102,2,2,NULL,0,43,1,'0.00',1),(44,'44',1,1,0,1,0,40,102,2,2,NULL,0,44,1,'0.00',1),(45,'45',1,1,0,1,0,40,102,2,2,NULL,0,45,1,'0.00',1),(46,'46',1,1,0,1,0,40,102,2,2,NULL,0,46,1,'0.00',1),(47,'47',1,1,0,1,0,40,102,2,2,NULL,0,47,1,'0.00',1),(48,'48',1,1,0,1,0,40,102,2,2,NULL,0,48,1,'0.00',1),(49,'49',1,1,0,1,0,40,102,2,2,NULL,0,49,1,'0.00',1),(50,'50',1,1,0,1,0,40,102,2,2,NULL,0,50,1,'0.00',1),(51,'51',1,1,1,1,1,80,102,3,5,NULL,0,51,1,'0.00',1),(52,'52',1,1,1,1,1,80,102,3,5,NULL,0,52,1,'0.00',1),(53,'53',1,1,1,1,1,80,102,3,5,NULL,0,53,1,'0.00',1),(54,'54',1,1,1,1,1,80,102,3,5,NULL,0,54,1,'0.00',1),(55,'55',1,1,1,1,1,80,102,3,5,NULL,0,55,1,'0.00',1),(56,'56',1,1,1,1,1,80,102,3,5,NULL,0,56,1,'0.00',1),(57,'57',1,1,1,1,1,80,102,3,5,NULL,0,57,1,'0.00',1),(58,'58',1,1,1,1,1,80,102,3,5,NULL,0,58,1,'0.00',1),(59,'59',1,1,1,1,1,80,102,3,5,NULL,0,59,1,'0.00',1),(60,'60',1,1,1,1,1,80,102,3,5,NULL,0,60,1,'0.00',1),(61,'61',0,0,1,1,1,80,102,3,5,NULL,0,61,1,'0.00',1),(62,'62',0,0,1,1,1,80,102,3,5,NULL,0,62,1,'0.00',1),(63,'63',0,0,1,1,1,80,102,3,5,NULL,0,63,1,'0.00',1),(64,'64',0,0,1,1,1,80,102,3,5,NULL,0,64,1,'0.00',1),(65,'65',0,0,1,1,1,80,102,3,5,NULL,0,65,1,'0.00',1),(66,'66',0,0,1,1,1,80,102,3,5,NULL,0,66,1,'0.00',1),(67,'67',0,0,1,1,1,80,102,3,5,NULL,0,67,1,'0.00',1),(68,'68',0,0,1,1,1,80,102,3,5,NULL,0,68,1,'0.00',1),(69,'69',0,0,1,1,1,80,102,3,5,NULL,0,69,1,'0.00',1),(70,'70',0,0,1,1,1,80,102,3,5,NULL,0,70,1,'0.00',1),(71,'71',0,0,1,1,1,80,102,3,5,NULL,0,71,1,'0.00',1),(72,'72',0,0,1,1,1,80,102,3,5,NULL,0,72,1,'0.00',1),(73,'73',0,0,1,1,1,80,102,3,5,NULL,0,73,1,'0.00',1),(74,'74',0,0,1,1,1,80,102,3,5,NULL,0,74,1,'0.00',1),(75,'75',0,0,1,1,1,80,102,3,5,NULL,0,75,1,'0.00',1),(76,'76',0,0,1,1,1,80,102,3,5,NULL,0,76,1,'0.00',1),(77,'77',0,0,1,1,1,80,102,3,5,NULL,0,77,1,'0.00',1),(78,'78',0,0,1,1,1,80,102,3,5,NULL,0,78,1,'0.00',1),(79,'79',0,0,1,1,1,80,102,3,5,NULL,0,79,1,'0.00',1),(80,'80',0,0,1,1,1,80,102,3,5,NULL,0,80,1,'0.00',1),(81,'81',1,0,0,0,1,20,102,1,1,NULL,0,81,1,'0.00',1),(82,'82',1,0,0,0,1,20,102,1,1,NULL,0,82,1,'0.00',1),(83,'83',1,0,0,0,1,20,102,1,1,NULL,0,83,1,'0.00',1),(84,'84',1,0,0,0,1,20,102,1,1,NULL,0,84,1,'0.00',1),(85,'85',1,0,0,0,1,20,102,1,1,NULL,0,85,1,'0.00',1),(86,'86',1,0,0,0,1,20,102,1,1,NULL,0,86,1,'0.00',1),(87,'87',1,0,0,0,1,20,102,1,1,NULL,0,87,1,'0.00',1),(88,'88',1,0,0,0,1,20,102,1,1,NULL,0,88,1,'0.00',1),(89,'89',1,0,0,0,1,20,102,1,1,NULL,0,89,1,'0.00',1),(90,'90',1,0,0,0,1,20,102,1,1,NULL,0,90,1,'0.00',1),(91,'91',1,0,0,0,1,20,102,1,1,NULL,0,91,1,'0.00',1),(92,'92',1,0,0,0,1,20,102,1,1,NULL,0,92,1,'0.00',1),(93,'93',1,0,0,0,1,20,102,1,1,NULL,0,93,1,'0.00',1),(94,'94',1,0,0,0,1,20,102,1,1,NULL,0,94,1,'0.00',1),(95,'95',1,0,0,0,1,20,102,1,1,NULL,0,95,1,'0.00',1),(96,'96',1,0,0,0,1,20,102,1,1,NULL,0,96,1,'0.00',1),(97,'97',1,0,0,0,1,20,102,1,1,NULL,0,97,1,'0.00',1),(98,'98',1,0,0,0,1,20,102,1,1,NULL,0,98,1,'0.00',1),(99,'99',1,0,0,0,1,20,102,1,1,NULL,0,99,1,'0.00',1),(100,'100',1,0,0,0,1,20,102,1,1,NULL,0,100,1,'0.00',1),(101,'Dry-1',0,0,0,0,0,60,102,1,1,NULL,0,101,1,'0.00',1);
/*!40000 ALTER TABLE `spaces` ENABLE KEYS */;
UNLOCK TABLES;

--
-- Table structure for table `taxes`
--

DROP TABLE IF EXISTS `taxes`;
CREATE TABLE `taxes` (
  `id` int(11) NOT NULL auto_increment,
  `reservation_id` int(11) default NULL,
  `name` varchar(32) collate utf8_unicode_ci default NULL,
  `rate` varchar(32) collate utf8_unicode_ci default NULL,
  `count` int(11) default '0',
  `amount` decimal(6,2) default NULL,
  PRIMARY KEY  (`id`)
) ENGINE=InnoDB DEFAULT CHARSET=utf8 COLLATE=utf8_unicode_ci;

--
-- Dumping data for table `taxes`
--

LOCK TABLES `taxes` WRITE;
/*!40000 ALTER TABLE `taxes` DISABLE KEYS */;
INSERT INTO `taxes` VALUES (199,2,'Sales tax','4.75%',0,'7.22'),(200,2,'Room tax','$1.25 per night',7,'8.75'),(203,4,'Sales tax','4.75%',0,'20.90'),(204,4,'Room tax','$1.25 per night',21,'26.25'),(205,5,'Sales tax','4.75%',0,'40.39'),(206,5,'Room tax','$1.25 per night',12,'15.00'),(207,6,'Sales tax','4.75%',0,'6.41'),(208,6,'Room tax','$1.25 per night',7,'8.75'),(213,8,'Room tax','$1.25 per night',7,'8.75'),(215,8,'Sales tax','4.75%',0,'7.56'),(216,9,'Sales tax','4.75%',0,'1.11'),(217,9,'Room tax','$1.25 per night',1,'1.25'),(220,11,'Sales tax','4.75%',0,'1.24'),(221,11,'Room tax','$1.25 per night',1,'1.25'),(224,13,'Sales tax','4.75%',0,'4.66'),(225,13,'Room tax','$1.25 per night',4,'5.00'),(226,14,'Sales tax','4.75%',0,'27.36'),(227,15,'Sales tax','4.75%',0,'6.27'),(228,15,'Room tax','$1.25 per night',7,'8.75'),(229,16,'Sales tax','4.75%',0,'9.50'),(230,16,'Room tax','$1.25 per night',10,'12.50'),(231,17,'Sales tax','4.75%',0,'5.99'),(232,17,'Room tax','$1.25 per night',7,'8.75'),(235,19,'Sales tax','4.75%',0,'14.25'),(236,19,'Room tax','$1.25 per night',14,'17.50'),(239,21,'Sales tax','4.75%',0,'1.58'),(240,22,'Sales tax','4.75%',0,'0.86'),(241,23,'Sales tax','4.75%',0,'4.89'),(242,23,'Room tax','$1.25 per night',4,'5.00'),(243,24,'Sales tax','4.75%',0,'7.13'),(244,24,'Room tax','$1.25 per night',7,'8.75'),(245,25,'Sales tax','4.75%',0,'2.05'),(249,7,'Room tax','$1.25 per night',1,'1.25'),(250,7,'Sales tax','4.75%',0,'1.29'),(251,20,'Sales tax','4.75%',0,'6.24'),(252,20,'Room tax','$1.25 per night',6,'7.50'),(255,3,'Sales tax','4.75%',0,'7.13'),(256,3,'Room tax','$1.25 per night',7,'8.75'),(259,12,'Sales tax','4.75%',0,'3.16'),(260,12,'Room tax','$1.25 per night',3,'3.75'),(272,1,'Sales tax','4.75%',0,'5.99'),(273,1,'Room tax','$1.25 per night',5,'6.25'),(274,18,'Sales tax','4.75%',0,'1.71'),(275,18,'Room tax','$1.25 per night',3,'3.75'),(310,73,'Sales tax','4.75%',0,'1.14'),(311,73,'Room tax','$1.25 per night',1,'1.25'),(313,10,'Sales tax','4.75%',0,'25.73');
/*!40000 ALTER TABLE `taxes` ENABLE KEYS */;
UNLOCK TABLES;

--
-- Table structure for table `taxrates`
--

DROP TABLE IF EXISTS `taxrates`;
CREATE TABLE `taxrates` (
  `id` int(11) NOT NULL auto_increment,
  `name` varchar(32) collate utf8_unicode_ci default NULL,
  `is_percent` tinyint(1) default '0',
  `percent` float default '0',
  `amount` decimal(6,2) default '0.00',
  `apl_week` tinyint(1) default '0',
  `apl_month` tinyint(1) default '0',
  `apl_seasonal` tinyint(1) default '0',
  `apl_daily` tinyint(1) default '1',
  `weekly_charge_daily` tinyint(1) default '1',
  `monthly_charge_daily` tinyint(1) default '1',
  `seasonal_charge_daily` tinyint(1) default '1',
  `position` int(11) default NULL,
  `active` tinyint(1) default '1',
  `apl_storage` tinyint(1) default '0',
  PRIMARY KEY  (`id`),
  KEY `index_taxrates_on_position` (`position`)
) ENGINE=InnoDB DEFAULT CHARSET=utf8 COLLATE=utf8_unicode_ci;

--
-- Dumping data for table `taxrates`
--

LOCK TABLES `taxrates` WRITE;
/*!40000 ALTER TABLE `taxrates` DISABLE KEYS */;
INSERT INTO `taxrates` VALUES (1,'Sales tax',1,4.75,NULL,1,1,0,1,1,1,1,NULL,1,0),(2,'Room tax',0,NULL,'1.25',1,0,0,1,1,1,1,NULL,1,0);
/*!40000 ALTER TABLE `taxrates` ENABLE KEYS */;
UNLOCK TABLES;

--
-- Table structure for table `taxrates_variable_charges`
--

DROP TABLE IF EXISTS `taxrates_variable_charges`;
CREATE TABLE `taxrates_variable_charges` (
  `variable_charge_id` int(11) NOT NULL,
  `taxrate_id` int(11) NOT NULL,
  KEY `index_taxrates_variable_charges_on_taxrate_id` (`taxrate_id`),
  KEY `index_taxrates_variable_charges_on_variable_charge_id` (`variable_charge_id`)
) ENGINE=InnoDB DEFAULT CHARSET=utf8 COLLATE=utf8_unicode_ci;

--
-- Dumping data for table `taxrates_variable_charges`
--

LOCK TABLES `taxrates_variable_charges` WRITE;
/*!40000 ALTER TABLE `taxrates_variable_charges` DISABLE KEYS */;
/*!40000 ALTER TABLE `taxrates_variable_charges` ENABLE KEYS */;
UNLOCK TABLES;

--
-- Table structure for table `users`
--

DROP TABLE IF EXISTS `users`;
CREATE TABLE `users` (
  `id` int(11) NOT NULL auto_increment,
  `name` varchar(32) collate utf8_unicode_ci default NULL,
  `hashed_password` varchar(255) collate utf8_unicode_ci default NULL,
  `salt` varchar(255) collate utf8_unicode_ci default NULL,
  `admin` tinyint(1) default '0',
  `created_at` datetime default NULL,
  `updated_at` datetime default NULL,
  `remember_me` tinyint(1) default '0',
  `remember_token` varchar(255) collate utf8_unicode_ci default NULL,
  `remember_token_expires` datetime default NULL,
  PRIMARY KEY  (`id`)
) ENGINE=InnoDB DEFAULT CHARSET=utf8 COLLATE=utf8_unicode_ci;

--
-- Dumping data for table `users`
--

LOCK TABLES `users` WRITE;
/*!40000 ALTER TABLE `users` DISABLE KEYS */;
INSERT INTO `users` VALUES (113326033,'manager','789f1986c0f56c7e46808bd043a9ee2c3c19a114','1162446400.896288697974502',1,'2021-12-12 11:51:19','2022-01-05 03:50:45',0,NULL,NULL),(113326034,'guest','2728a3b2826844d78ec0af39b71f49cd261453df','1180896700.204072606774802',0,'2021-12-12 11:52:40','2022-01-05 03:41:42',0,NULL,NULL);
/*!40000 ALTER TABLE `users` ENABLE KEYS */;
UNLOCK TABLES;

--
-- Table structure for table `variable_charges`
--

DROP TABLE IF EXISTS `variable_charges`;
CREATE TABLE `variable_charges` (
  `id` int(11) NOT NULL auto_increment,
  `reservation_id` int(11) default NULL,
  `detail` varchar(255) collate utf8_unicode_ci default NULL,
  `amount` decimal(12,2) default '0.00',
  `taxable` tinyint(1) NOT NULL default '1',
  `created_at` datetime default NULL,
  `updated_at` datetime default NULL,
  PRIMARY KEY  (`id`)
) ENGINE=InnoDB DEFAULT CHARSET=utf8 COLLATE=utf8_unicode_ci;

--
-- Dumping data for table `variable_charges`
--

LOCK TABLES `variable_charges` WRITE;
/*!40000 ALTER TABLE `variable_charges` DISABLE KEYS */;
/*!40000 ALTER TABLE `variable_charges` ENABLE KEYS */;
UNLOCK TABLES;

--
-- Table structure for table `versions`
--

DROP TABLE IF EXISTS `versions`;
CREATE TABLE `versions` (
  `id` int(11) NOT NULL auto_increment,
  `release` varchar(16) collate utf8_unicode_ci default NULL,
  `revision` varchar(16) collate utf8_unicode_ci default NULL,
  `description` text collate utf8_unicode_ci,
  `install_pending` tinyint(1) default '1',
  PRIMARY KEY  (`id`)
) ENGINE=InnoDB DEFAULT CHARSET=utf8 COLLATE=utf8_unicode_ci;

--
-- Dumping data for table `versions`
--

LOCK TABLES `versions` WRITE;
/*!40000 ALTER TABLE `versions` DISABLE KEYS */;
INSERT INTO `versions` VALUES (1,'1.11','1344','revision for release 1.11',0);
/*!40000 ALTER TABLE `versions` ENABLE KEYS */;
UNLOCK TABLES;
/*!40103 SET TIME_ZONE=@OLD_TIME_ZONE */;

/*!40101 SET SQL_MODE=@OLD_SQL_MODE */;
/*!40014 SET FOREIGN_KEY_CHECKS=@OLD_FOREIGN_KEY_CHECKS */;
/*!40014 SET UNIQUE_CHECKS=@OLD_UNIQUE_CHECKS */;
/*!40101 SET CHARACTER_SET_CLIENT=@OLD_CHARACTER_SET_CLIENT */;
/*!40101 SET CHARACTER_SET_RESULTS=@OLD_CHARACTER_SET_RESULTS */;
/*!40101 SET COLLATION_CONNECTION=@OLD_COLLATION_CONNECTION */;
/*!40111 SET SQL_NOTES=@OLD_SQL_NOTES */;

-- Dump completed on 2022-01-05 13:23:54
